,,Huck Huck Goose vs Game of Throws,,,,,,,,,,,,,,,,,,,,,,,,,,,,,,,,
6,,1st half,12,13,,,,,,,,,,,,,,,,,,,,,,,,,,,,,,
136,,2nd half,7,11,,,,,,,,,,,,,,,,,,,,,,,,,,,,,,
219,,Score,19,24,,,,,,,,,,,,,,,,,,,,,,,,,,,,,,
,,,,,,,,,,,,,,,,,,,,,,,,,,,,,,,,,,
,Pull,Erik Burton,,,,,,,,,,,,,,,,,,,,,,,,,,,,,,,,
,Direction,>>>>>>,,,,,,,,,,,,,,,,,,,,,,,,,,,,,,,,
,,,Throw Away,Chris Tran,Pass,Jeff Hunt,Pass,Sebastien Belanger,,,,,,,,,,,,,,,,,,,,,,,,,,
,Direction,<<<<<<,,,,,,,,,,,,,,,,,,,,,,,,,,,,,,,,
,D,Amos Lee,,,,,,,,,,,,,,,,,,,,,,,,,,,,,,,,
,,,POINT,Tanya Gallant,Pass,Amos Lee,Pass,Jay Thor Turner,Pass,Clare Gee,Pass,Nick Theriault,Pass,Amos Lee,,,,,,,,,,,,,,,,,,,,
,Direction,>>>>>>,,,,,,,,,,,,,,,,,,,,,,,,,,,,,,,,
,,,POINT,Steve Chow,Pass,Stephanie White,Pass,Chris Tran,Pass,Justine Price,,,,,,,,,,,,,,,,,,,,,,,,
,Direction,<<<<<<,,,,,,,,,,,,,,,,,,,,,,,,,,,,,,,,
,,,POINT,Clare Gee,Pass,Amos Lee,Pass,Nick Theriault,Pass,Erik Burton,,,,,,,,,,,,,,,,,,,,,,,,
,Direction,>>>>>>,,,,,,,,,,,,,,,,,,,,,,,,,,,,,,,,
,,,Drop,Stephanie White,Pass,Nick Vetvut,Pass,Jeff Hunt,,,,,,,,,,,,,,,,,,,,,,,,,,
,Direction,<<<<<<,,,,,,,,,,,,,,,,,,,,,,,,,,,,,,,,
,,,POINT,Matthew Smith,Pass,Greg Probe,,,,,,,,,,,,,,,,,,,,,,,,,,,,
,Direction,>>>>>>,,,,,,,,,,,,,,,,,,,,,,,,,,,,,,,,
,,,POINT,Justine Price,Pass,Jeff Hunt,Pass,Stephanie White,Pass,Steve Chow,Pass,Justine Price,,,,,,,,,,,,,,,,,,,,,,
,Direction,<<<<<<,,,,,,,,,,,,,,,,,,,,,,,,,,,,,,,,
,,,Throw Away,Nick Theriault,Pass,Megan Berry,,,,,,,,,,,,,,,,,,,,,,,,,,,,
,Direction,>>>>>>,,,,,,,,,,,,,,,,,,,,,,,,,,,,,,,,
,,,POINT,Kevin Hughes,Pass,Justine Price,Pass,Nick Vetvut,,,,,,,,,,,,,,,,,,,,,,,,,,
,Direction,<<<<<<,,,,,,,,,,,,,,,,,,,,,,,,,,,,,,,,
,,,Throw Away,Matthew Smith,Pass,Tanya Gallant,Pass,Amos Lee,,,,,,,,,,,,,,,,,,,,,,,,,,
,Direction,>>>>>>,,,,,,,,,,,,,,,,,,,,,,,,,,,,,,,,
,D,Jeff Hunt,,,,,,,,,,,,,,,,,,,,,,,,,,,,,,,,
,,,Throw Away,Jeff Hunt,,,,,,,,,,,,,,,,,,,,,,,,,,,,,,
,Direction,<<<<<<,,,,,,,,,,,,,,,,,,,,,,,,,,,,,,,,
,D,Matthew Smith,,,,,,,,,,,,,,,,,,,,,,,,,,,,,,,,
,,,POINT,Tanya Gallant,Pass,Amos Lee,,,,,,,,,,,,,,,,,,,,,,,,,,,,
,Direction,>>>>>>,,,,,,,,,,,,,,,,,,,,,,,,,,,,,,,,
,,,Throw Away,Jeff Hunt,Pass,Steve Chow,Pass,Chris Tran,Pass,Justine Price,Pass,Steve Chow,Pass,Jeff Hunt,Pass,Justine Price,,,,,,,,,,,,,,,,,,
,Direction,<<<<<<,,,,,,,,,,,,,,,,,,,,,,,,,,,,,,,,
,D,Neena Sidhu,,,,,,,,,,,,,,,,,,,,,,,,,,,,,,,,
,,,Drop,Greg Probe,Pass,Geoff Liu,Pass,Nick Theriault,,,,,,,,,,,,,,,,,,,,,,,,,,
,Direction,>>>>>>,,,,,,,,,,,,,,,,,,,,,,,,,,,,,,,,
,,,Throw Away,Justine Price,Pass,Steve Chow,,,,,,,,,,,,,,,,,,,,,,,,,,,,
,Direction,<<<<<<,,,,,,,,,,,,,,,,,,,,,,,,,,,,,,,,
,,,POINT,Erik Burton,Pass,Nick Theriault,Pass,Erik Burton,Pass,Neena Sidhu,Pass,Geoff Liu,Pass,Greg Probe,,,,,,,,,,,,,,,,,,,,
,Direction,>>>>>>,,,,,,,,,,,,,,,,,,,,,,,,,,,,,,,,
,,,POINT,Edwin Wong,Pass,Justine Price,Pass,Steve Chow,Pass,Sebastien Belanger,,,,,,,,,,,,,,,,,,,,,,,,
,Direction,<<<<<<,,,,,,,,,,,,,,,,,,,,,,,,,,,,,,,,
,,,Throw Away,Neena Sidhu,Pass,Megan Berry,Pass,Matthew Smith,Pass,Megan Berry,,,,,,,,,,,,,,,,,,,,,,,,
,Direction,>>>>>>,,,,,,,,,,,,,,,,,,,,,,,,,,,,,,,,
,,,Throw Away,Nick Vetvut,Pass,Jeff Hunt,Pass,Melissa Martel,Pass,Nick Vetvut,,,,,,,,,,,,,,,,,,,,,,,,
,Direction,<<<<<<,,,,,,,,,,,,,,,,,,,,,,,,,,,,,,,,
,,,Throw Away,Nick Theriault,Pass,Megan Berry,,,,,,,,,,,,,,,,,,,,,,,,,,,,
,Direction,>>>>>>,,,,,,,,,,,,,,,,,,,,,,,,,,,,,,,,
,D,Jeff Hunt,,,,,,,,,,,,,,,,,,,,,,,,,,,,,,,,
,,,POINT,Nick Vetvut,Pass,Kevin Hughes,Pass,Nick Vetvut,Pass,Jeff Hunt,,,,,,,,,,,,,,,,,,,,,,,,
,Direction,<<<<<<,,,,,,,,,,,,,,,,,,,,,,,,,,,,,,,,
,,,Throw Away,Greg Probe,Pass,Erik Burton,,,,,,,,,,,,,,,,,,,,,,,,,,,,
,Direction,>>>>>>,,,,,,,,,,,,,,,,,,,,,,,,,,,,,,,,
,D,Sebastien Belanger,,,,,,,,,,,,,,,,,,,,,,,,,,,,,,,,
,,,POINT,Sebastien Belanger,Pass,Steve Chow,Pass,Sebastien Belanger,,,,,,,,,,,,,,,,,,,,,,,,,,
,Direction,<<<<<<,,,,,,,,,,,,,,,,,,,,,,,,,,,,,,,,
,,,Throw Away,Matthew Smith,Pass,Megan Berry,,,,,,,,,,,,,,,,,,,,,,,,,,,,
,Direction,>>>>>>,,,,,,,,,,,,,,,,,,,,,,,,,,,,,,,,
,,,Throw Away,Justine Price,Pass,Nick Vetvut,Pass,Justine Price,,,,,,,,,,,,,,,,,,,,,,,,,,
,Direction,<<<<<<,,,,,,,,,,,,,,,,,,,,,,,,,,,,,,,,
,D,Neena Sidhu,,,,,,,,,,,,,,,,,,,,,,,,,,,,,,,,
,,,Throw Away,Nick Theriault,,,,,,,,,,,,,,,,,,,,,,,,,,,,,,
,Direction,>>>>>>,,,,,,,,,,,,,,,,,,,,,,,,,,,,,,,,
,D,Sebastien Belanger,,,,,,,,,,,,,,,,,,,,,,,,,,,,,,,,
,,,POINT,Sebastien Belanger,Pass,Justine Price,Pass,Sebastien Belanger,,,,,,,,,,,,,,,,,,,,,,,,,,
,Direction,<<<<<<,,,,,,,,,,,,,,,,,,,,,,,,,,,,,,,,
,,,Throw Away,Nick Theriault,Pass,Amos Lee,Pass,Nick Theriault,Pass,Erik Burton,,,,,,,,,,,,,,,,,,,,,,,,
,Direction,>>>>>>,,,,,,,,,,,,,,,,,,,,,,,,,,,,,,,,
,,,Throw Away,Steve Chow,Pass,Stephanie White,Pass,Steve Chow,Pass,Jeff Hunt,,,,,,,,,,,,,,,,,,,,,,,,
,Direction,<<<<<<,,,,,,,,,,,,,,,,,,,,,,,,,,,,,,,,
,D,Amos Lee,,,,,,,,,,,,,,,,,,,,,,,,,,,,,,,,
,,,POINT,Erik Burton,Pass,Amos Lee,Pass,Tanya Gallant,Pass,Amos Lee,,,,,,,,,,,,,,,,,,,,,,,,
,Direction,>>>>>>,,,,,,,,,,,,,,,,,,,,,,,,,,,,,,,,
,,,POINT,Stephanie White,Pass,Nick Vetvut,Pass,Jeff Hunt,Pass,Sebastien Belanger,,,,,,,,,,,,,,,,,,,,,,,,
,Direction,<<<<<<,,,,,,,,,,,,,,,,,,,,,,,,,,,,,,,,
,,,POINT,Clare Gee,Pass,Tanya Gallant,Pass,Erik Burton,Pass,Nick Theriault,Pass,Clare Gee,Pass,Tanya Gallant,Pass,Erik Burton,,,,,,,,,,,,,,,,,,
,Direction,>>>>>>,,,,,,,,,,,,,,,,,,,,,,,,,,,,,,,,
,,,Throw Away,Nick Vetvut,Pass,Sebastien Belanger,Pass,Steve Chow,Pass,Sebastien Belanger,,,,,,,,,,,,,,,,,,,,,,,,
,Direction,<<<<<<,,,,,,,,,,,,,,,,,,,,,,,,,,,,,,,,
,D,Neena Sidhu,,,,,,,,,,,,,,,,,,,,,,,,,,,,,,,,
,,,POINT,Neena Sidhu,Pass,Megan Berry,Pass,Amos Lee,Pass,Neena Sidhu,Pass,Megan Berry,Pass,Greg Probe,,,,,,,,,,,,,,,,,,,,
,Direction,>>>>>>,,,,,,,,,,,,,,,,,,,,,,,,,,,,,,,,
,,,Throw Away,Sebastien Belanger,,,,,,,,,,,,,,,,,,,,,,,,,,,,,,
,Direction,<<<<<<,,,,,,,,,,,,,,,,,,,,,,,,,,,,,,,,
,,,POINT,Tanya Gallant,Pass,Clare Gee,Pass,Matthew Smith,Pass,Tanya Gallant,Pass,Nick Theriault,Pass,Tanya Gallant,Pass,Matthew Smith,,,,,,,,,,,,,,,,,,
,Direction,>>>>>>,,,,,,,,,,,,,,,,,,,,,,,,,,,,,,,,
,,,Drop,Nick Vetvut,Pass,Jeff Hunt,,,,,,,,,,,,,,,,,,,,,,,,,,,,
,Direction,<<<<<<,,,,,,,,,,,,,,,,,,,,,,,,,,,,,,,,
,,,POINT,Geoff Liu,Pass,Megan Berry,Pass,Amos Lee,Pass,Greg Probe,,,,,,,,,,,,,,,,,,,,,,,,
,Direction,>>>>>>,,,,,,,,,,,,,,,,,,,,,,,,,,,,,,,,
,,,POINT,Steve Chow,Pass,Chris Tran,Pass,Steve Chow,Pass,Stephanie White,Pass,Chris Tran,Pass,Steve Chow,Pass,Chris Tran,Pass,Steve Chow,,,,,,,,,,,,,,,,
,Direction,<<<<<<,,,,,,,,,,,,,,,,,,,,,,,,,,,,,,,,
,,,Throw Away,Megan Berry,Pass,Nick Theriault,,,,,,,,,,,,,,,,,,,,,,,,,,,,
,Direction,>>>>>>,,,,,,,,,,,,,,,,,,,,,,,,,,,,,,,,
,,,POINT,Stephanie White,Pass,Jeff Hunt,Pass,Justine Price,Pass,Kevin Hughes,Pass,Justine Price,Pass,Sebastien Belanger,,,,,,,,,,,,,,,,,,,,
,Direction,<<<<<<,,,,,,,,,,,,,,,,,,,,,,,,,,,,,,,,
,,,Throw Away,Amos Lee,Pass,Clare Gee,Pass,Greg Probe,,,,,,,,,,,,,,,,,,,,,,,,,,
,Direction,>>>>>>,,,,,,,,,,,,,,,,,,,,,,,,,,,,,,,,
,,,Throw Away,Justine Price,,,,,,,,,,,,,,,,,,,,,,,,,,,,,,
,Direction,<<<<<<,,,,,,,,,,,,,,,,,,,,,,,,,,,,,,,,
,,,POINT,Clare Gee,Pass,Nick Theriault,Pass,Erik Burton,,,,,,,,,,,,,,,,,,,,,,,,,,
,Direction,>>>>>>,,,,,,,,,,,,,,,,,,,,,,,,,,,,,,,,
,,,Drop,Steve Chow,Pass,Kevin Hughes,Pass,Steve Chow,Pass,Sebastien Belanger,,,,,,,,,,,,,,,,,,,,,,,,
,Direction,<<<<<<,,,,,,,,,,,,,,,,,,,,,,,,,,,,,,,,
,,,POINT,Neena Sidhu,Pass,Nick Theriault,Pass,Megan Berry,Pass,Neena Sidhu,Pass,Megan Berry,Pass,Nick Theriault,Pass,Megan Berry,,,,,,,,,,,,,,,,,,
,Direction,>>>>>>,,,,,,,,,,,,,,,,,,,,,,,,,,,,,,,,
,,,Throw Away,Justine Price,,,,,,,,,,,,,,,,,,,,,,,,,,,,,,
,Direction,<<<<<<,,,,,,,,,,,,,,,,,,,,,,,,,,,,,,,,
,,,Throw Away,Jay Thor Turner,,,,,,,,,,,,,,,,,,,,,,,,,,,,,,
,Direction,>>>>>>,,,,,,,,,,,,,,,,,,,,,,,,,,,,,,,,
,,,Drop,Stephanie White,Pass,Justine Price,Pass,Nick Vetvut,Pass,Justine Price,,,,,,,,,,,,,,,,,,,,,,,,
,Direction,<<<<<<,,,,,,,,,,,,,,,,,,,,,,,,,,,,,,,,
,,,Drop,Greg Probe,Pass,Tanya Gallant,Pass,Matthew Smith,Pass,Clare Gee,Pass,Jay Thor Turner,Pass,Greg Probe,Pass,Erik Burton,Pass,Tanya Gallant,,,,,,,,,,,,,,,,
,Direction,>>>>>>,,,,,,,,,,,,,,,,,,,,,,,,,,,,,,,,
,,,POINT,Nick Vetvut,Pass,Justine Price,Pass,Nick Vetvut,Pass,Chris Tran,,,,,,,,,,,,,,,,,,,,,,,,
,Direction,<<<<<<,,,,,,,,,,,,,,,,,,,,,,,,,,,,,,,,
,,,Throw Away,Nick Theriault,,,,,,,,,,,,,,,,,,,,,,,,,,,,,,
,Direction,>>>>>>,,,,,,,,,,,,,,,,,,,,,,,,,,,,,,,,
,,,Drop,Melissa Martel,Pass,Justine Price,Pass,Steve Chow,Pass,Kevin Hughes,Pass,Sebastien Belanger,Pass,Justine Price,,,,,,,,,,,,,,,,,,,,
,Direction,<<<<<<,,,,,,,,,,,,,,,,,,,,,,,,,,,,,,,,
,,,Throw Away,Greg Probe,Pass,Geoff Liu,Pass,Erik Burton,,,,,,,,,,,,,,,,,,,,,,,,,,
,Direction,>>>>>>,,,,,,,,,,,,,,,,,,,,,,,,,,,,,,,,
,,,POINT,Kevin Hughes,Pass,Sebastien Belanger,Pass,Steve Chow,Pass,Nick Vetvut,Pass,Steve Chow,Pass,Justine Price,,,,,,,,,,,,,,,,,,,,
,Direction,<<<<<<,,,,,,,,,,,,,,,,,,,,,,,,,,,,,,,,
,,,Drop,Tanya Gallant,Pass,Amos Lee,,,,,,,,,,,,,,,,,,,,,,,,,,,,
,Direction,>>>>>>,,,,,,,,,,,,,,,,,,,,,,,,,,,,,,,,
,,,Drop,Stephanie White,Pass,Melissa Martel,Pass,Sebastien Belanger,Pass,Stephanie White,Pass,Sebastien Belanger,Pass,Edwin Wong,Pass,Jeff Hunt,Pass,Stephanie White,Pass,Jeff Hunt,Pass,Sebastien Belanger,Pass,Edwin Wong,Pass,Sebastien Belanger,Pass,Jeff Hunt,Pass,Sebastien Belanger,,,,
,Direction,<<<<<<,,,,,,,,,,,,,,,,,,,,,,,,,,,,,,,,
,,,Throw Away,Nick Theriault,Pass,Clare Gee,Pass,Amos Lee,Pass,Matthew Smith,,,,,,,,,,,,,,,,,,,,,,,,
,Direction,>>>>>>,,,,,,,,,,,,,,,,,,,,,,,,,,,,,,,,
,,,POINT,Edwin Wong,Pass,Jeff Hunt,,,,,,,,,,,,,,,,,,,,,,,,,,,,
,Direction,<<<<<<,,,,,,,,,,,,,,,,,,,,,,,,,,,,,,,,
,Sides,Switch,,,,,,,,,,,,,,,,,,,,,,,,,,,,,,,,
,Pull,Steve Chow,,,,,,,,,,,,,,,,,,,,,,,,,,,,,,,,
,Direction,>>>>>>,,,,,,,,,,,,,,,,,,,,,,,,,,,,,,,,
,,,POINT,Megan Berry,Pass,Erik Burton,Pass,Megan Berry,Pass,Matthew Smith,Pass,Megan Berry,Pass,Neena Sidhu,Pass,Amos Lee,Pass,Erik Burton,Pass,Amos Lee,Pass,Erik Burton,Pass,Amos Lee,Pass,Erik Burton,,,,,,,,
,Direction,<<<<<<,,,,,,,,,,,,,,,,,,,,,,,,,,,,,,,,
,,,Throw Away,Sebastien Belanger,Pass,Edwin Wong,Pass,Justine Price,,,,,,,,,,,,,,,,,,,,,,,,,,
,Direction,>>>>>>,,,,,,,,,,,,,,,,,,,,,,,,,,,,,,,,
,,,POINT,Erik Burton,Pass,Nick Theriault,Pass,Tanya Gallant,,,,,,,,,,,,,,,,,,,,,,,,,,
,Direction,<<<<<<,,,,,,,,,,,,,,,,,,,,,,,,,,,,,,,,
,,,POINT,Kevin Hughes,Pass,Steve Chow,Pass,Sebastien Belanger,Pass,Stephanie White,Pass,Jeff Hunt,Pass,Kevin Hughes,Pass,Sebastien Belanger,Pass,Steve Chow,Pass,Sebastien Belanger,Pass,Steve Chow,Pass,Sebastien Belanger,,,,,,,,,,
,Direction,>>>>>>,,,,,,,,,,,,,,,,,,,,,,,,,,,,,,,,
,,,Throw Away,Erik Burton,,,,,,,,,,,,,,,,,,,,,,,,,,,,,,
,Direction,<<<<<<,,,,,,,,,,,,,,,,,,,,,,,,,,,,,,,,
,,,POINT,Stephanie White,Pass,Justine Price,,,,,,,,,,,,,,,,,,,,,,,,,,,,
,Direction,>>>>>>,,,,,,,,,,,,,,,,,,,,,,,,,,,,,,,,
,,,Drop,Neena Sidhu,Pass,Geoff Liu,Pass,Nick Theriault,,,,,,,,,,,,,,,,,,,,,,,,,,
,Direction,<<<<<<,,,,,,,,,,,,,,,,,,,,,,,,,,,,,,,,
,,,POINT,Steve Chow,Pass,Justine Price,Pass,Jeff Hunt,,,,,,,,,,,,,,,,,,,,,,,,,,
,Direction,>>>>>>,,,,,,,,,,,,,,,,,,,,,,,,,,,,,,,,
,,,Throw Away,Jay Thor Turner,Pass,Amos Lee,,,,,,,,,,,,,,,,,,,,,,,,,,,,
,Direction,<<<<<<,,,,,,,,,,,,,,,,,,,,,,,,,,,,,,,,
,D,Jeff Hunt,,,,,,,,,,,,,,,,,,,,,,,,,,,,,,,,
,,,Drop,Jeff Hunt,Pass,Stephanie White,Pass,Nick Vetvut,Pass,Sebastien Belanger,Pass,Jeff Hunt,Pass,Sebastien Belanger,,,,,,,,,,,,,,,,,,,,
,Direction,>>>>>>,,,,,,,,,,,,,,,,,,,,,,,,,,,,,,,,
,,,POINT,Jay Thor Turner,Pass,Erik Burton,Pass,Tanya Gallant,Pass,Greg Probe,Pass,Tanya Gallant,,,,,,,,,,,,,,,,,,,,,,
,Direction,<<<<<<,,,,,,,,,,,,,,,,,,,,,,,,,,,,,,,,
,,,Throw Away,Sebastien Belanger,,,,,,,,,,,,,,,,,,,,,,,,,,,,,,
,Direction,>>>>>>,,,,,,,,,,,,,,,,,,,,,,,,,,,,,,,,
,D,Neena Sidhu,,,,,,,,,,,,,,,,,,,,,,,,,,,,,,,,
,,,POINT,Matthew Smith,Pass,Megan Berry,Pass,Neena Sidhu,Pass,Megan Berry,Pass,Erik Burton,,,,,,,,,,,,,,,,,,,,,,
,Direction,<<<<<<,,,,,,,,,,,,,,,,,,,,,,,,,,,,,,,,
,,,POINT,Steve Chow,Pass,Jeff Hunt,Pass,Nick Vetvut,Pass,Melissa Martel,Pass,Jeff Hunt,,,,,,,,,,,,,,,,,,,,,,
,Direction,>>>>>>,,,,,,,,,,,,,,,,,,,,,,,,,,,,,,,,
,,,Drop,Matthew Smith,Pass,Megan Berry,,,,,,,,,,,,,,,,,,,,,,,,,,,,
,Direction,<<<<<<,,,,,,,,,,,,,,,,,,,,,,,,,,,,,,,,
,,,POINT,Kevin Hughes,Pass,Stephanie White,Pass,Sebastien Belanger,,,,,,,,,,,,,,,,,,,,,,,,,,
,Direction,>>>>>>,,,,,,,,,,,,,,,,,,,,,,,,,,,,,,,,
,,,Throw Away,Clare Gee,Pass,Nick Theriault,,,,,,,,,,,,,,,,,,,,,,,,,,,,
,Direction,<<<<<<,,,,,,,,,,,,,,,,,,,,,,,,,,,,,,,,
,D,Steve Chow,,,,,,,,,,,,,,,,,,,,,,,,,,,,,,,,
,,,Drop,Steve Chow,Pass,Justine Price,Pass,Jeff Hunt,Pass,Nick Vetvut,,,,,,,,,,,,,,,,,,,,,,,,
,Direction,>>>>>>,,,,,,,,,,,,,,,,,,,,,,,,,,,,,,,,
,,,Throw Away,Amos Lee,Pass,Nick Theriault,Pass,Erik Burton,,,,,,,,,,,,,,,,,,,,,,,,,,
,Direction,<<<<<<,,,,,,,,,,,,,,,,,,,,,,,,,,,,,,,,
,D,Justine Price,,,,,,,,,,,,,,,,,,,,,,,,,,,,,,,,
,,,Throw Away,Justine Price,Pass,Steve Chow,Pass,Justine Price,,,,,,,,,,,,,,,,,,,,,,,,,,
,Direction,>>>>>>,,,,,,,,,,,,,,,,,,,,,,,,,,,,,,,,
,D,Amos Lee,,,,,,,,,,,,,,,,,,,,,,,,,,,,,,,,
,,,POINT,Nick Theriault,Pass,Amos Lee,,,,,,,,,,,,,,,,,,,,,,,,,,,,
,Direction,<<<<<<,,,,,,,,,,,,,,,,,,,,,,,,,,,,,,,,
,,,POINT,Kevin Hughes,Pass,Justine Price,Pass,Sebastien Belanger,Pass,Justine Price,Pass,Chris Tran,Pass,Justine Price,,,,,,,,,,,,,,,,,,,,
,Direction,>>>>>>,,,,,,,,,,,,,,,,,,,,,,,,,,,,,,,,
,,,POINT,Amos Lee,Pass,Nick Theriault,Pass,Amos Lee,Pass,Erik Burton,Pass,Nick Theriault,Pass,Erik Burton,,,,,,,,,,,,,,,,,,,,
,Direction,<<<<<<,,,,,,,,,,,,,,,,,,,,,,,,,,,,,,,,
,,,Throw Away,Justine Price,Pass,Jeff Hunt,,,,,,,,,,,,,,,,,,,,,,,,,,,,
,Direction,>>>>>>,,,,,,,,,,,,,,,,,,,,,,,,,,,,,,,,
,D,Geoff Liu,,,,,,,,,,,,,,,,,,,,,,,,,,,,,,,,
,,,POINT,Megan Berry,Pass,Erik Burton,Pass,Geoff Liu,Pass,Greg Probe,Pass,Erik Burton,Pass,Greg Probe,Pass,Neena Sidhu,Pass,Geoff Liu,,,,,,,,,,,,,,,,
,Direction,<<<<<<,,,,,,,,,,,,,,,,,,,,,,,,,,,,,,,,
,,,Drop,Edwin Wong,Pass,Sebastien Belanger,Pass,Steve Chow,,,,,,,,,,,,,,,,,,,,,,,,,,
,Direction,>>>>>>,,,,,,,,,,,,,,,,,,,,,,,,,,,,,,,,
,,,Drop,Matthew Smith,Pass,Nick Theriault,,,,,,,,,,,,,,,,,,,,,,,,,,,,
,Direction,<<<<<<,,,,,,,,,,,,,,,,,,,,,,,,,,,,,,,,
,,,POINT,Jeff Hunt,Pass,Justine Price,Pass,Melissa Martel,Pass,Sebastien Belanger,Pass,Edwin Wong,Pass,Jeff Hunt,Pass,Justine Price,Pass,Steve Chow,,,,,,,,,,,,,,,,
,Direction,>>>>>>,,,,,,,,,,,,,,,,,,,,,,,,,,,,,,,,
,,,Throw Away,Greg Probe,Pass,Geoff Liu,Pass,Megan Berry,,,,,,,,,,,,,,,,,,,,,,,,,,
,Direction,<<<<<<,,,,,,,,,,,,,,,,,,,,,,,,,,,,,,,,
,D,Steve Chow,,,,,,,,,,,,,,,,,,,,,,,,,,,,,,,,
,,,POINT,Melissa Martel,Pass,Kevin Hughes,Pass,Steve Chow,,,,,,,,,,,,,,,,,,,,,,,,,,
,Direction,>>>>>>,,,,,,,,,,,,,,,,,,,,,,,,,,,,,,,,
,,,Throw Away,Geoff Liu,,,,,,,,,,,,,,,,,,,,,,,,,,,,,,
,Direction,<<<<<<,,,,,,,,,,,,,,,,,,,,,,,,,,,,,,,,
,,,POINT,Sebastien Belanger,Pass,Justine Price,,,,,,,,,,,,,,,,,,,,,,,,,,,,
,Direction,>>>>>>,,,,,,,,,,,,,,,,,,,,,,,,,,,,,,,,
,,,Throw Away,Neena Sidhu,Pass,Megan Berry,Pass,Erik Burton,,,,,,,,,,,,,,,,,,,,,,,,,,
,Direction,<<<<<<,,,,,,,,,,,,,,,,,,,,,,,,,,,,,,,,
,D,Kevin Hughes,,,,,,,,,,,,,,,,,,,,,,,,,,,,,,,,
,,,POINT,Kevin Hughes,Pass,Steve Chow,Pass,Justine Price,Pass,Steve Chow,Pass,Kevin Hughes,,,,,,,,,,,,,,,,,,,,,,
,Direction,>>>>>>,,,,,,,,,,,,,,,,,,,,,,,,,,,,,,,,
,,,Throw Away,Nick Theriault,,,,,,,,,,,,,,,,,,,,,,,,,,,,,,
,Direction,<<<<<<,,,,,,,,,,,,,,,,,,,,,,,,,,,,,,,,
,,,POINT,Melissa Martel,Pass,Jeff Hunt,Pass,Edwin Wong,Pass,Sebastien Belanger,,,,,,,,,,,,,,,,,,,,,,,,
,Direction,>>>>>>,,,,,,,,,,,,,,,,,,,,,,,,,,,,,,,,
,,,,,,,,,,,,,,,,,,,,,,,,,,,,,,,,,,
,,,,,,,,,,,,,,,,,,,,,,,,,,,,,,,,,,
,,Karma Down Under vs. Conflict of Interest,,,,,,,,,,,,,,,,,,,,,,,,,,,,,,,,
227,,1st half,11,8,,,,,,,,,,,,,,,,,,,,,,,,,,,,,,
358,,2nd half,11,7,,,,,,,,,,,,,,,,,,,,,,,,,,,,,,
471,,Score,22,15,,,,,,,,,,,,,,,,,,,,,,,,,,,,,,
,,,,,,,,,,,,,,,,,,,,,,,,,,,,,,,,,,
,,,,,,,,,,,,,,,,,,,,,,,,,,,,,,,,,,
,Pull,Alex Bush,,,,,,,,,,,,,,,,,,,,,,,,,,,,,,,,
,Direction,<<<<<<,,,,,,,,,,,,,,,,,,,,,,,,,,,,,,,,
,,,POINT,Amelia Keenan,Pass,Andrew W Cameron,Pass,Shubho Bo Biswas,Pass,Douglas Brierley,,,,,,,,,,,,,,,,,,,,,,,,
,Direction,>>>>>>,,,,,,,,,,,,,,,,,,,,,,,,,,,,,,,,
,,,Throw Away,Elise Milbradt,Pass,Geofford Seaborn,,,,,,,,,,,,,,,,,,,,,,,,,,,,
,Direction,<<<<<<,,,,,,,,,,,,,,,,,,,,,,,,,,,,,,,,
,D,Dan Shaver,,,,,,,,,,,,,,,,,,,,,,,,,,,,,,,,
,,,Throw Away,Shubho Bo Biswas,,,,,,,,,,,,,,,,,,,,,,,,,,,,,,
,Direction,>>>>>>,,,,,,,,,,,,,,,,,,,,,,,,,,,,,,,,
,,,Throw Away,Christopher LaFleur,,,,,,,,,,,,,,,,,,,,,,,,,,,,,,
,Direction,<<<<<<,,,,,,,,,,,,,,,,,,,,,,,,,,,,,,,,
,,,Throw Away,Dan Shaver,Pass,Andrew W Cameron,Pass,Shubho Bo Biswas,,,,,,,,,,,,,,,,,,,,,,,,,,
,Direction,>>>>>>,,,,,,,,,,,,,,,,,,,,,,,,,,,,,,,,
,,,Throw Away,Kindha Gorman,,,,,,,,,,,,,,,,,,,,,,,,,,,,,,
,Direction,<<<<<<,,,,,,,,,,,,,,,,,,,,,,,,,,,,,,,,
,,,Drop,Andrea Proulx,Pass,Shubho Bo Biswas,,,,,,,,,,,,,,,,,,,,,,,,,,,,
,Direction,>>>>>>,,,,,,,,,,,,,,,,,,,,,,,,,,,,,,,,
,,,POINT,John Zwanenburg,Pass,Kris Bergmann,Pass,Christopher LaFleur,Pass,Geofford Seaborn,Pass,John Zwanenburg,,,,,,,,,,,,,,,,,,,,,,
,Direction,<<<<<<,,,,,,,,,,,,,,,,,,,,,,,,,,,,,,,,
,,,Throw Away,Andrea Proulx,Pass,Jean Surette,Pass,Ian Ewing,,,,,,,,,,,,,,,,,,,,,,,,,,
,Direction,>>>>>>,,,,,,,,,,,,,,,,,,,,,,,,,,,,,,,,
,,,POINT,Kindha Gorman,Pass,Alex Bush,Pass,Jason Fraser,Pass,Alex Bush,Pass,Stephen Close,Pass,Alex Bush,Pass,Stephen Close,Pass,Kindha Gorman,,,,,,,,,,,,,,,,
,Direction,<<<<<<,,,,,,,,,,,,,,,,,,,,,,,,,,,,,,,,
,,,POINT,Andrew W Cameron,Pass,Douglas Brierley,Pass,Andrew W Cameron,Pass,Shubho Bo Biswas,,,,,,,,,,,,,,,,,,,,,,,,
,Direction,>>>>>>,,,,,,,,,,,,,,,,,,,,,,,,,,,,,,,,
,,,Drop,Elise Milbradt,Pass,Alex Bush,Pass,Kindha Gorman,,,,,,,,,,,,,,,,,,,,,,,,,,
,Direction,<<<<<<,,,,,,,,,,,,,,,,,,,,,,,,,,,,,,,,
,,,Throw Away,Jean Surette,,,,,,,,,,,,,,,,,,,,,,,,,,,,,,
,Direction,>>>>>>,,,,,,,,,,,,,,,,,,,,,,,,,,,,,,,,
,D,Alex Bush,,,,,,,,,,,,,,,,,,,,,,,,,,,,,,,,
,,,POINT,Jason Fraser,Pass,Alex Bush,Pass,Stephen Close,Pass,Jason Fraser,Pass,Kindha Gorman,Pass,Alex Bush,Pass,Jason Fraser,Pass,Alex Bush,Pass,Elise Milbradt,Pass,Graham Brown,Pass,Alex Bush,Pass,Jason Fraser,Pass,Alex Bush,,,,,,
,Direction,<<<<<<,,,,,,,,,,,,,,,,,,,,,,,,,,,,,,,,
,,,Throw Away,Andrea Proulx,Pass,Dan Shaver,Pass,Ian Ewing,,,,,,,,,,,,,,,,,,,,,,,,,,
,Direction,>>>>>>,,,,,,,,,,,,,,,,,,,,,,,,,,,,,,,,
,,,Drop,Elise Milbradt,Pass,Geofford Seaborn,,,,,,,,,,,,,,,,,,,,,,,,,,,,
,Direction,<<<<<<,,,,,,,,,,,,,,,,,,,,,,,,,,,,,,,,
,,,POINT,Andrea Proulx,Pass,Ian Ewing,,,,,,,,,,,,,,,,,,,,,,,,,,,,
,Direction,>>>>>>,,,,,,,,,,,,,,,,,,,,,,,,,,,,,,,,
,,,Drop,Jason Fraser,Pass,Alex Bush,Pass,Stephen Close,Pass,Alex Bush,,,,,,,,,,,,,,,,,,,,,,,,
,Direction,<<<<<<,,,,,,,,,,,,,,,,,,,,,,,,,,,,,,,,
,,,Throw Away,Jean Surette,Pass,Andrew W Cameron,Pass,Christian Hamel,,,,,,,,,,,,,,,,,,,,,,,,,,
,Direction,>>>>>>,,,,,,,,,,,,,,,,,,,,,,,,,,,,,,,,
,,,Throw Away,Kindha Gorman,Pass,Alex Bush,,,,,,,,,,,,,,,,,,,,,,,,,,,,
,Direction,<<<<<<,,,,,,,,,,,,,,,,,,,,,,,,,,,,,,,,
,,,Throw Away,Ian Ewing,,,,,,,,,,,,,,,,,,,,,,,,,,,,,,
,Direction,>>>>>>,,,,,,,,,,,,,,,,,,,,,,,,,,,,,,,,
,,,Throw Away,Saskia Vanderloo,Pass,Alex Bush,,,,,,,,,,,,,,,,,,,,,,,,,,,,
,Direction,<<<<<<,,,,,,,,,,,,,,,,,,,,,,,,,,,,,,,,
,,,POINT,Andrea Proulx,Pass,Ian Ewing,,,,,,,,,,,,,,,,,,,,,,,,,,,,
,Direction,>>>>>>,,,,,,,,,,,,,,,,,,,,,,,,,,,,,,,,
,,,Throw Away,John Zwanenburg,Pass,Kindha Gorman,,,,,,,,,,,,,,,,,,,,,,,,,,,,
,Direction,<<<<<<,,,,,,,,,,,,,,,,,,,,,,,,,,,,,,,,
,D,Shubho Bo Biswas,,,,,,,,,,,,,,,,,,,,,,,,,,,,,,,,
,,,POINT,Maya Popovic,Pass,Amelia Keenan,Pass,Andrew W Cameron,Pass,Maya Popovic,Pass,Andrew W Cameron,Pass,Shubho Bo Biswas,,,,,,,,,,,,,,,,,,,,
,Direction,>>>>>>,,,,,,,,,,,,,,,,,,,,,,,,,,,,,,,,
,,,Throw Away,Alex Bush,Pass,Jason Fraser,Pass,Alex Bush,,,,,,,,,,,,,,,,,,,,,,,,,,
,Direction,<<<<<<,,,,,,,,,,,,,,,,,,,,,,,,,,,,,,,,
,D,Maya Popovic,,,,,,,,,,,,,,,,,,,,,,,,,,,,,,,,
,,,POINT,Maya Popovic,Pass,Ian Ewing,Pass,Maya Popovic,,,,,,,,,,,,,,,,,,,,,,,,,,
,Direction,>>>>>>,,,,,,,,,,,,,,,,,,,,,,,,,,,,,,,,
,,,Drop,Christopher LaFleur,Pass,Geofford Seaborn,,,,,,,,,,,,,,,,,,,,,,,,,,,,
,Direction,<<<<<<,,,,,,,,,,,,,,,,,,,,,,,,,,,,,,,,
,,,POINT,Andrew W Cameron,Pass,Ian Ewing,Pass,Andrea Proulx,Pass,Dan Shaver,Pass,Ian Ewing,Pass,Andrea Proulx,Pass,Ian Ewing,Pass,Jean Surette,Pass,Andrew W Cameron,Pass,Jean Surette,,,,,,,,,,,,
,Direction,>>>>>>,,,,,,,,,,,,,,,,,,,,,,,,,,,,,,,,
,,,Throw Away,Jason Fraser,Pass,Alex Bush,,,,,,,,,,,,,,,,,,,,,,,,,,,,
,Direction,<<<<<<,,,,,,,,,,,,,,,,,,,,,,,,,,,,,,,,
,,,Throw Away,Douglas Brierley,,,,,,,,,,,,,,,,,,,,,,,,,,,,,,
,Direction,>>>>>>,,,,,,,,,,,,,,,,,,,,,,,,,,,,,,,,
,,,Drop,Graham Brown,Pass,Alex Bush,Pass,Saskia Vanderloo,Pass,Alex Bush,Pass,Stephen Close,Pass,Alex Bush,Pass,Saskia Vanderloo,Pass,Alex Bush,,,,,,,,,,,,,,,,
,Direction,<<<<<<,,,,,,,,,,,,,,,,,,,,,,,,,,,,,,,,
,,,Drop,Douglas Brierley,Pass,Maya Popovic,Pass,Shubho Bo Biswas,,,,,,,,,,,,,,,,,,,,,,,,,,
,Direction,>>>>>>,,,,,,,,,,,,,,,,,,,,,,,,,,,,,,,,
,,,Throw Away,Jason Fraser,Pass,Alex Bush,Pass,Jason Fraser,,,,,,,,,,,,,,,,,,,,,,,,,,
,Direction,<<<<<<,,,,,,,,,,,,,,,,,,,,,,,,,,,,,,,,
,D,Andrew W Cameron,,,,,,,,,,,,,,,,,,,,,,,,,,,,,,,,
,,,Throw Away,Shubho Bo Biswas,,,,,,,,,,,,,,,,,,,,,,,,,,,,,,
,Direction,>>>>>>,,,,,,,,,,,,,,,,,,,,,,,,,,,,,,,,
,,,POINT,Jason Fraser,Pass,Alex Bush,,,,,,,,,,,,,,,,,,,,,,,,,,,,
,Direction,<<<<<<,,,,,,,,,,,,,,,,,,,,,,,,,,,,,,,,
,,,Throw Away,Ian Ewing,,,,,,,,,,,,,,,,,,,,,,,,,,,,,,
,Direction,>>>>>>,,,,,,,,,,,,,,,,,,,,,,,,,,,,,,,,
,,,POINT,Christopher LaFleur,Pass,Geofford Seaborn,Pass,Kindha Gorman,,,,,,,,,,,,,,,,,,,,,,,,,,
,Direction,<<<<<<,,,,,,,,,,,,,,,,,,,,,,,,,,,,,,,,
,,,Throw Away,Ian Ewing,Pass,Andrea Proulx,Pass,Jean Surette,Pass,Ian Ewing,Pass,Andrew W Cameron,Pass,Andrea Proulx,Pass,Ian Ewing,,,,,,,,,,,,,,,,,,
,Direction,>>>>>>,,,,,,,,,,,,,,,,,,,,,,,,,,,,,,,,
,D,Graham Brown,,,,,,,,,,,,,,,,,,,,,,,,,,,,,,,,
,,,Throw Away,Alex Bush,Pass,Kindha Gorman,,,,,,,,,,,,,,,,,,,,,,,,,,,,
,Direction,<<<<<<,,,,,,,,,,,,,,,,,,,,,,,,,,,,,,,,
,D,Christian Hamel,,,,,,,,,,,,,,,,,,,,,,,,,,,,,,,,
,,,Throw Away,Andrea Proulx,Pass,Ian Ewing,Pass,Andrea Proulx,Pass,Christian Hamel,,,,,,,,,,,,,,,,,,,,,,,,
,Direction,>>>>>>,,,,,,,,,,,,,,,,,,,,,,,,,,,,,,,,
,,,POINT,Alex Bush,Pass,Jason Fraser,Pass,Alex Bush,Pass,Kindha Gorman,Pass,Alex Bush,Pass,Saskia Vanderloo,Pass,Kindha Gorman,Pass,Alex Bush,Pass,Kindha Gorman,,,,,,,,,,,,,,
,Direction,<<<<<<,,,,,,,,,,,,,,,,,,,,,,,,,,,,,,,,
,,,Throw Away,Douglas Brierley,Pass,Amelia Keenan,Pass,Ian Ewing,Pass,Dan Shaver,Pass,Shubho Bo Biswas,,,,,,,,,,,,,,,,,,,,,,
,Direction,>>>>>>,,,,,,,,,,,,,,,,,,,,,,,,,,,,,,,,
,,,Throw Away,Elise Milbradt,Pass,Geofford Seaborn,Pass,Kris Bergmann,Pass,Geofford Seaborn,,,,,,,,,,,,,,,,,,,,,,,,
,Direction,<<<<<<,,,,,,,,,,,,,,,,,,,,,,,,,,,,,,,,
,,,Throw Away,Dan Shaver,Pass,Shubho Bo Biswas,,,,,,,,,,,,,,,,,,,,,,,,,,,,
,Direction,>>>>>>,,,,,,,,,,,,,,,,,,,,,,,,,,,,,,,,
,,,Throw Away,Kris Bergmann,Pass,Elise Milbradt,,,,,,,,,,,,,,,,,,,,,,,,,,,,
,Direction,<<<<<<,,,,,,,,,,,,,,,,,,,,,,,,,,,,,,,,
,,,POINT,Amelia Keenan,Pass,Douglas Brierley,Pass,Shubho Bo Biswas,Pass,Dan Shaver,Pass,Ian Ewing,Pass,Douglas Brierley,Pass,Shubho Bo Biswas,,,,,,,,,,,,,,,,,,
,Direction,>>>>>>,,,,,,,,,,,,,,,,,,,,,,,,,,,,,,,,
,,,Throw Away,Elise Milbradt,Pass,Stephen Close,Pass,Jason Fraser,Pass,Alex Bush,,,,,,,,,,,,,,,,,,,,,,,,
,Direction,<<<<<<,,,,,,,,,,,,,,,,,,,,,,,,,,,,,,,,
,,,POINT,Andrea Proulx,Pass,Maya Popovic,Pass,Christian Hamel,Pass,Andrea Proulx,Pass,Jean Surette,,,,,,,,,,,,,,,,,,,,,,
,Direction,>>>>>>,,,,,,,,,,,,,,,,,,,,,,,,,,,,,,,,
,,,POINT,Kindha Gorman,Pass,John Zwanenburg,Pass,Kris Bergmann,Pass,Christopher LaFleur,Pass,Kindha Gorman,Pass,Saskia Vanderloo,Pass,John Zwanenburg,Pass,Kindha Gorman,,,,,,,,,,,,,,,,
,Direction,<<<<<<,,,,,,,,,,,,,,,,,,,,,,,,,,,,,,,,
,,,Throw Away,Amelia Keenan,Pass,Maya Popovic,Pass,Ian Ewing,,,,,,,,,,,,,,,,,,,,,,,,,,
,Direction,>>>>>>,,,,,,,,,,,,,,,,,,,,,,,,,,,,,,,,
,,,Throw Away,Stephen Close,Pass,Jason Fraser,Pass,Alex Bush,,,,,,,,,,,,,,,,,,,,,,,,,,
,Direction,<<<<<<,,,,,,,,,,,,,,,,,,,,,,,,,,,,,,,,
,,,POINT,Christian Hamel,Pass,Ian Ewing,Pass,Shubho Bo Biswas,Pass,Maya Popovic,Pass,Amelia Keenan,,,,,,,,,,,,,,,,,,,,,,
,Direction,>>>>>>,,,,,,,,,,,,,,,,,,,,,,,,,,,,,,,,
,,,Drop,Christopher LaFleur,Pass,John Zwanenburg,Pass,Geofford Seaborn,,,,,,,,,,,,,,,,,,,,,,,,,,
,Direction,<<<<<<,,,,,,,,,,,,,,,,,,,,,,,,,,,,,,,,
,,,Throw Away,Shubho Bo Biswas,Pass,Maya Popovic,Pass,Shubho Bo Biswas,,,,,,,,,,,,,,,,,,,,,,,,,,
,Direction,>>>>>>,,,,,,,,,,,,,,,,,,,,,,,,,,,,,,,,
,,,Throw Away,John Zwanenburg,,,,,,,,,,,,,,,,,,,,,,,,,,,,,,
,Direction,<<<<<<,,,,,,,,,,,,,,,,,,,,,,,,,,,,,,,,
,D,Douglas Brierley,,,,,,,,,,,,,,,,,,,,,,,,,,,,,,,,
,,,Throw Away,Andrea Proulx,Pass,Shubho Bo Biswas,Pass,Douglas Brierley,,,,,,,,,,,,,,,,,,,,,,,,,,
,Direction,>>>>>>,,,,,,,,,,,,,,,,,,,,,,,,,,,,,,,,
,D,Geofford Seaborn,,,,,,,,,,,,,,,,,,,,,,,,,,,,,,,,
,,,Throw Away,Geofford Seaborn,Pass,John Zwanenburg,Pass,Christopher LaFleur,Pass,Elise Milbradt,Pass,Geofford Seaborn,,,,,,,,,,,,,,,,,,,,,,
,Direction,<<<<<<,,,,,,,,,,,,,,,,,,,,,,,,,,,,,,,,
,,,POINT,Maya Popovic,Pass,Jean Surette,Pass,Shubho Bo Biswas,,,,,,,,,,,,,,,,,,,,,,,,,,
,Direction,>>>>>>,,,,,,,,,,,,,,,,,,,,,,,,,,,,,,,,
,,,POINT,Stephen Close,Pass,Kindha Gorman,Pass,Alex Bush,Pass,Kindha Gorman,Pass,Alex Bush,Pass,Stephen Close,Pass,Alex Bush,Pass,Saskia Vanderloo,Pass,Alex Bush,Pass,Stephen Close,Pass,Kindha Gorman,Pass,Alex Bush,,,,,,,,
,Direction,<<<<<<,,,,,,,,,,,,,,,,,,,,,,,,,,,,,,,,
,Sides,Switch,,,,,,,,,,,,,,,,,,,,,,,,,,,,,,,,
,Pull,Ian Ewing,,,,,,,,,,,,,,,,,,,,,,,,,,,,,,,,
,Direction,<<<<<<,,,,,,,,,,,,,,,,,,,,,,,,,,,,,,,,
,,,Throw Away,Kris Bergmann,Pass,Geofford Seaborn,Pass,Elise Milbradt,,,,,,,,,,,,,,,,,,,,,,,,,,
,Direction,>>>>>>,,,,,,,,,,,,,,,,,,,,,,,,,,,,,,,,
,,,Throw Away,Maya Popovic,Pass,Amelia Keenan,Pass,Jean Surette,Pass,Shubho Bo Biswas,,,,,,,,,,,,,,,,,,,,,,,,
,Direction,<<<<<<,,,,,,,,,,,,,,,,,,,,,,,,,,,,,,,,
,,,Drop,Kris Bergmann,Pass,Geofford Seaborn,,,,,,,,,,,,,,,,,,,,,,,,,,,,
,Direction,>>>>>>,,,,,,,,,,,,,,,,,,,,,,,,,,,,,,,,
,,,POINT,Amelia Keenan,Pass,Maya Popovic,Pass,Ian Ewing,Pass,Shubho Bo Biswas,,,,,,,,,,,,,,,,,,,,,,,,
,Direction,<<<<<<,,,,,,,,,,,,,,,,,,,,,,,,,,,,,,,,
,,,Throw Away,Stephen Close,Pass,Kindha Gorman,,,,,,,,,,,,,,,,,,,,,,,,,,,,
,Direction,>>>>>>,,,,,,,,,,,,,,,,,,,,,,,,,,,,,,,,
,D,Maya Popovic,,,,,,,,,,,,,,,,,,,,,,,,,,,,,,,,
,,,POINT,Andrew W Cameron,Pass,Maya Popovic,Pass,Andrea Proulx,Pass,Shubho Bo Biswas,,,,,,,,,,,,,,,,,,,,,,,,
,Direction,<<<<<<,,,,,,,,,,,,,,,,,,,,,,,,,,,,,,,,
,,,Drop,Kris Bergmann,Pass,Geofford Seaborn,Pass,Kindha Gorman,,,,,,,,,,,,,,,,,,,,,,,,,,
,Direction,>>>>>>,,,,,,,,,,,,,,,,,,,,,,,,,,,,,,,,
,,,POINT,Ian Ewing,Pass,Douglas Brierley,Pass,Dan Shaver,Pass,Jean Surette,,,,,,,,,,,,,,,,,,,,,,,,
,Direction,<<<<<<,,,,,,,,,,,,,,,,,,,,,,,,,,,,,,,,
,,,Throw Away,Stephen Close,Pass,Alex Bush,,,,,,,,,,,,,,,,,,,,,,,,,,,,
,Direction,>>>>>>,,,,,,,,,,,,,,,,,,,,,,,,,,,,,,,,
,D,Ian Ewing,,,,,,,,,,,,,,,,,,,,,,,,,,,,,,,,
,,,Throw Away,Ian Ewing,,,,,,,,,,,,,,,,,,,,,,,,,,,,,,
,Direction,<<<<<<,,,,,,,,,,,,,,,,,,,,,,,,,,,,,,,,
,,,Drop,Saskia Vanderloo,Pass,Alex Bush,,,,,,,,,,,,,,,,,,,,,,,,,,,,
,Direction,>>>>>>,,,,,,,,,,,,,,,,,,,,,,,,,,,,,,,,
,,,Throw Away,Amelia Keenan,Pass,Shubho Bo Biswas,,,,,,,,,,,,,,,,,,,,,,,,,,,,
,Direction,<<<<<<,,,,,,,,,,,,,,,,,,,,,,,,,,,,,,,,
,,,Throw Away,Alex Bush,,,,,,,,,,,,,,,,,,,,,,,,,,,,,,
,Direction,>>>>>>,,,,,,,,,,,,,,,,,,,,,,,,,,,,,,,,
,D,Andrew W Cameron,,,,,,,,,,,,,,,,,,,,,,,,,,,,,,,,
,,,Drop,Maya Popovic,Pass,Ian Ewing,Pass,Andrew W Cameron,Pass,Ian Ewing,Pass,Maya Popovic,Pass,Shubho Bo Biswas,Pass,Maya Popovic,Pass,Ian Ewing,,,,,,,,,,,,,,,,
,Direction,<<<<<<,,,,,,,,,,,,,,,,,,,,,,,,,,,,,,,,
,,,Throw Away,Graham Brown,Pass,Jason Fraser,Pass,Alex Bush,,,,,,,,,,,,,,,,,,,,,,,,,,
,Direction,>>>>>>,,,,,,,,,,,,,,,,,,,,,,,,,,,,,,,,
,D,Amelia Keenan,,,,,,,,,,,,,,,,,,,,,,,,,,,,,,,,
,,,Drop,Amelia Keenan,Pass,Ian Ewing,,,,,,,,,,,,,,,,,,,,,,,,,,,,
,Direction,<<<<<<,,,,,,,,,,,,,,,,,,,,,,,,,,,,,,,,
,,,POINT,Jason Fraser,Pass,Graham Brown,Pass,Alex Bush,Pass,Jason Fraser,,,,,,,,,,,,,,,,,,,,,,,,
,Direction,>>>>>>,,,,,,,,,,,,,,,,,,,,,,,,,,,,,,,,
,,,Throw Away,Andrea Proulx,Pass,Dan Shaver,Pass,Jean Surette,Pass,Andrea Proulx,Pass,Ian Ewing,Pass,Douglas Brierley,,,,,,,,,,,,,,,,,,,,
,Direction,<<<<<<,,,,,,,,,,,,,,,,,,,,,,,,,,,,,,,,
,D,Geofford Seaborn,,,,,,,,,,,,,,,,,,,,,,,,,,,,,,,,
,,,POINT,Kindha Gorman,Pass,Geofford Seaborn,Pass,Kindha Gorman,,,,,,,,,,,,,,,,,,,,,,,,,,
,Direction,>>>>>>,,,,,,,,,,,,,,,,,,,,,,,,,,,,,,,,
,,,Throw Away,Douglas Brierley,,,,,,,,,,,,,,,,,,,,,,,,,,,,,,
,Direction,<<<<<<,,,,,,,,,,,,,,,,,,,,,,,,,,,,,,,,
,D,Alex Bush,,,,,,,,,,,,,,,,,,,,,,,,,,,,,,,,
,,,Throw Away,Alex Bush,,,,,,,,,,,,,,,,,,,,,,,,,,,,,,
,Direction,>>>>>>,,,,,,,,,,,,,,,,,,,,,,,,,,,,,,,,
,,,Throw Away,Andrea Proulx,Pass,Amelia Keenan,Pass,Douglas Brierley,,,,,,,,,,,,,,,,,,,,,,,,,,
,Direction,<<<<<<,,,,,,,,,,,,,,,,,,,,,,,,,,,,,,,,
,D,Alex Bush,,,,,,,,,,,,,,,,,,,,,,,,,,,,,,,,
,,,Throw Away,Stephen Close,Pass,Graham Brown,Pass,Alex Bush,,,,,,,,,,,,,,,,,,,,,,,,,,
,Direction,>>>>>>,,,,,,,,,,,,,,,,,,,,,,,,,,,,,,,,
,,,Throw Away,Andrew W Cameron,Pass,Andrea Proulx,Pass,Andrew W Cameron,Pass,Andrea Proulx,Pass,Shubho Bo Biswas,,,,,,,,,,,,,,,,,,,,,,
,Direction,<<<<<<,,,,,,,,,,,,,,,,,,,,,,,,,,,,,,,,
,D,Stephen Close,,,,,,,,,,,,,,,,,,,,,,,,,,,,,,,,
,,,POINT,Saskia Vanderloo,Pass,Jason Fraser,Pass,Alex Bush,,,,,,,,,,,,,,,,,,,,,,,,,,
,Direction,>>>>>>,,,,,,,,,,,,,,,,,,,,,,,,,,,,,,,,
,,,Throw Away,Douglas Brierley,,,,,,,,,,,,,,,,,,,,,,,,,,,,,,
,Direction,<<<<<<,,,,,,,,,,,,,,,,,,,,,,,,,,,,,,,,
,D,Geofford Seaborn,,,,,,,,,,,,,,,,,,,,,,,,,,,,,,,,
,,,POINT,Kris Bergmann,Pass,Geofford Seaborn,Pass,Kris Bergmann,Pass,Christopher LaFleur,Pass,John Zwanenburg,Pass,Elise Milbradt,Pass,John Zwanenburg,Pass,Geofford Seaborn,,,,,,,,,,,,,,,,
,Direction,>>>>>>,,,,,,,,,,,,,,,,,,,,,,,,,,,,,,,,
,,,POINT,Maya Popovic,Pass,Andrea Proulx,Pass,Shubho Bo Biswas,Pass,Andrea Proulx,Pass,Ian Ewing,,,,,,,,,,,,,,,,,,,,,,
,Direction,<<<<<<,,,,,,,,,,,,,,,,,,,,,,,,,,,,,,,,
,,,Drop,Saskia Vanderloo,Pass,Kindha Gorman,,,,,,,,,,,,,,,,,,,,,,,,,,,,
,Direction,>>>>>>,,,,,,,,,,,,,,,,,,,,,,,,,,,,,,,,
,,,POINT,Amelia Keenan,Pass,Andrea Proulx,Pass,Douglas Brierley,,,,,,,,,,,,,,,,,,,,,,,,,,
,Direction,<<<<<<,,,,,,,,,,,,,,,,,,,,,,,,,,,,,,,,
,,,Drop,Jason Fraser,Pass,Alex Bush,Pass,Stephen Close,Pass,Jason Fraser,Pass,Alex Bush,Pass,Stephen Close,Pass,Alex Bush,Pass,Jason Fraser,Pass,Stephen Close,Pass,Saskia Vanderloo,Pass,Alex Bush,Pass,Jason Fraser,Pass,Alex Bush,,,,,,
,Direction,>>>>>>,,,,,,,,,,,,,,,,,,,,,,,,,,,,,,,,
,,,Throw Away,Shubho Bo Biswas,Pass,Douglas Brierley,,,,,,,,,,,,,,,,,,,,,,,,,,,,
,Direction,<<<<<<,,,,,,,,,,,,,,,,,,,,,,,,,,,,,,,,
,,,POINT,Alex Bush,Pass,Saskia Vanderloo,Pass,Stephen Close,Pass,Graham Brown,Pass,Jason Fraser,Pass,Alex Bush,,,,,,,,,,,,,,,,,,,,
,Direction,>>>>>>,,,,,,,,,,,,,,,,,,,,,,,,,,,,,,,,
,,,Throw Away,Shubho Bo Biswas,,,,,,,,,,,,,,,,,,,,,,,,,,,,,,
,Direction,<<<<<<,,,,,,,,,,,,,,,,,,,,,,,,,,,,,,,,
,,,POINT,Christopher LaFleur,Pass,John Zwanenburg,Pass,Kris Bergmann,Pass,Geofford Seaborn,Pass,John Zwanenburg,Pass,Elise Milbradt,Pass,John Zwanenburg,Pass,Kris Bergmann,,,,,,,,,,,,,,,,
,Direction,>>>>>>,,,,,,,,,,,,,,,,,,,,,,,,,,,,,,,,
,,,Drop,Andrea Proulx,Pass,Amelia Keenan,Pass,Douglas Brierley,,,,,,,,,,,,,,,,,,,,,,,,,,
,Direction,<<<<<<,,,,,,,,,,,,,,,,,,,,,,,,,,,,,,,,
,,,Drop,Graham Brown,Pass,Alex Bush,,,,,,,,,,,,,,,,,,,,,,,,,,,,
,Direction,>>>>>>,,,,,,,,,,,,,,,,,,,,,,,,,,,,,,,,
,,,POINT,Andrea Proulx,Pass,Andrew W Cameron,Pass,Ian Ewing,,,,,,,,,,,,,,,,,,,,,,,,,,
,Direction,<<<<<<,,,,,,,,,,,,,,,,,,,,,,,,,,,,,,,,
,,,Throw Away,Geofford Seaborn,Pass,Christopher LaFleur,Pass,Geofford Seaborn,,,,,,,,,,,,,,,,,,,,,,,,,,
,Direction,>>>>>>,,,,,,,,,,,,,,,,,,,,,,,,,,,,,,,,
,,,POINT,Maya Popovic,Pass,Ian Ewing,Pass,Shubho Bo Biswas,,,,,,,,,,,,,,,,,,,,,,,,,,
,Direction,<<<<<<,,,,,,,,,,,,,,,,,,,,,,,,,,,,,,,,
,,,POINT,Alex Bush,Pass,Jason Fraser,Pass,Alex Bush,Pass,Stephen Close,Pass,Graham Brown,Pass,Alex Bush,,,,,,,,,,,,,,,,,,,,
,Direction,>>>>>>,,,,,,,,,,,,,,,,,,,,,,,,,,,,,,,,
,,,POINT,Andrea Proulx,Pass,Jean Surette,Pass,Ian Ewing,,,,,,,,,,,,,,,,,,,,,,,,,,
,Direction,<<<<<<,,,,,,,,,,,,,,,,,,,,,,,,,,,,,,,,
,,,Throw Away,Alex Bush,Pass,Jason Fraser,Pass,Alex Bush,,,,,,,,,,,,,,,,,,,,,,,,,,
,Direction,>>>>>>,,,,,,,,,,,,,,,,,,,,,,,,,,,,,,,,
,,,POINT,Shubho Bo Biswas,Pass,Maya Popovic,Pass,Amelia Keenan,Pass,Ian Ewing,Pass,Shubho Bo Biswas,,,,,,,,,,,,,,,,,,,,,,
,Direction,<<<<<<,,,,,,,,,,,,,,,,,,,,,,,,,,,,,,,,
,,,Throw Away,Geofford Seaborn,,,,,,,,,,,,,,,,,,,,,,,,,,,,,,
,Direction,>>>>>>,,,,,,,,,,,,,,,,,,,,,,,,,,,,,,,,
,D,Dan Shaver,,,,,,,,,,,,,,,,,,,,,,,,,,,,,,,,
,,,POINT,Ian Ewing,Pass,Douglas Brierley,Pass,Andrea Proulx,Pass,Dan Shaver,,,,,,,,,,,,,,,,,,,,,,,,
,Direction,<<<<<<,,,,,,,,,,,,,,,,,,,,,,,,,,,,,,,,
,,,Drop,Stephen Close,Pass,Alex Bush,Pass,Stephen Close,Pass,Kindha Gorman,,,,,,,,,,,,,,,,,,,,,,,,
,Direction,>>>>>>,,,,,,,,,,,,,,,,,,,,,,,,,,,,,,,,
,,,Throw Away,Amelia Keenan,Pass,Andrea Proulx,Pass,Douglas Brierley,Pass,Andrea Proulx,Pass,Christian Hamel,Pass,Andrew W Cameron,Pass,Shubho Bo Biswas,,,,,,,,,,,,,,,,,,
,Direction,<<<<<<,,,,,,,,,,,,,,,,,,,,,,,,,,,,,,,,
,,,Drop,Jason Fraser,Pass,Alex Bush,Pass,Kindha Gorman,,,,,,,,,,,,,,,,,,,,,,,,,,
,Direction,>>>>>>,,,,,,,,,,,,,,,,,,,,,,,,,,,,,,,,
,,,POINT,Andrea Proulx,,,,,,,,,,,,,,,,,,,,,,,,,,,,,,
,Direction,<<<<<<,,,,,,,,,,,,,,,,,,,,,,,,,,,,,,,,
,,,,,,,,,,,,,,,,,,,,,,,,,,,,,,,,,,
,,,,,,,,,,,,,,,,,,,,,,,,,,,,,,,,,,
,,A Windmill Full of Corpses vs Scoobers in Paris,,,,,,,,,,,,,,,,,,,,,,,,,,,,,,,,
479,,1st half,9,12,,,,,,,,,,,,,,,,,,,,,,,,,,,,,,
602,,2nd half,11,8,,,,,,,,,,,,,,,,,,,,,,,,,,,,,,
729,,Score,20,20,,,,,,,,,,,,,,,,,,,,,,,,,,,,,,
,,,,,,,,,,,,,,,,,,,,,,,,,,,,,,,,,,
,,,,,,,,,,,,,,,,,,,,,,,,,,,,,,,,,,
,Pull,Ariel Untiveros,,,,,,,,,,,,,,,,,,,,,,,,,,,,,,,,
,Direction,>>>>>>,,,,,,,,,,,,,,,,,,,,,,,,,,,,,,,,
,,,POINT,Carrie-Anne Whyte(S),Pass,Matt Trouble Andruff,Pass,Sina Dee,Pass,Vanessa Lyon,,,,,,,,,,,,,,,,,,,,,,,,
,Direction,<<<<<<,,,,,,,,,,,,,,,,,,,,,,,,,,,,,,,,
,,,POINT,Yingdi Wu,Pass,Ariel Untiveros,Pass,Morgan Howard,Pass,Rob Tyson,,,,,,,,,,,,,,,,,,,,,,,,
,Direction,>>>>>>,,,,,,,,,,,,,,,,,,,,,,,,,,,,,,,,
,,,Drop,Carrie-Anne Whyte(S),Pass,Vanessa Lyon,,,,,,,,,,,,,,,,,,,,,,,,,,,,
,Direction,<<<<<<,,,,,,,,,,,,,,,,,,,,,,,,,,,,,,,,
,,,Drop,An Tran,Pass,Melissa Berry,Pass,An Tran,,,,,,,,,,,,,,,,,,,,,,,,,,
,Direction,>>>>>>,,,,,,,,,,,,,,,,,,,,,,,,,,,,,,,,
,,,POINT,David Townsend,Pass,Carrie-Anne Whyte(S),Pass,Ivan Sabourin,Pass,David Townsend,Pass,Vanessa Lyon,,,,,,,,,,,,,,,,,,,,,,
,Direction,<<<<<<,,,,,,,,,,,,,,,,,,,,,,,,,,,,,,,,
,,,Throw Away,Yingdi Wu,Pass,Christine Beals,Pass,Rob Tyson,,,,,,,,,,,,,,,,,,,,,,,,,,
,Direction,>>>>>>,,,,,,,,,,,,,,,,,,,,,,,,,,,,,,,,
,,,Throw Away,Heather Wallace,Pass,Ivan Sabourin,Pass,Sina Dee,,,,,,,,,,,,,,,,,,,,,,,,,,
,Direction,<<<<<<,,,,,,,,,,,,,,,,,,,,,,,,,,,,,,,,
,D,Yingdi Wu,,,,,,,,,,,,,,,,,,,,,,,,,,,,,,,,
,,,POINT,Ariel Untiveros,Pass,Morgan Howard,Pass,Ariel Untiveros,Pass,Christine Beals,Pass,Yingdi Wu,Pass,Ariel Untiveros,Pass,Yingdi Wu,Pass,Ariel Untiveros,,,,,,,,,,,,,,,,
,Direction,>>>>>>,,,,,,,,,,,,,,,,,,,,,,,,,,,,,,,,
,,,Throw Away,Vanessa Lyon,Pass,Carrie-Anne Whyte(S),Pass,Mackenzie King,,,,,,,,,,,,,,,,,,,,,,,,,,
,Direction,<<<<<<,,,,,,,,,,,,,,,,,,,,,,,,,,,,,,,,
,,,Throw Away,Melissa Berry,Pass,Trevor Stocki,,,,,,,,,,,,,,,,,,,,,,,,,,,,
,Direction,>>>>>>,,,,,,,,,,,,,,,,,,,,,,,,,,,,,,,,
,,,POINT,Vanessa Lyon,Pass,David Townsend,Pass,Mackenzie King,,,,,,,,,,,,,,,,,,,,,,,,,,
,Direction,<<<<<<,,,,,,,,,,,,,,,,,,,,,,,,,,,,,,,,
,,,POINT,Morgan Howard,Pass,Ariel Untiveros,Pass,Christine Beals,Pass,Rob Tyson,,,,,,,,,,,,,,,,,,,,,,,,
,Direction,>>>>>>,,,,,,,,,,,,,,,,,,,,,,,,,,,,,,,,
,,,POINT,Carrie-Anne Whyte(S),Pass,Matt Trouble Andruff,Pass,Sina Dee,Pass,Carrie-Anne Whyte(S),Pass,Matt Trouble Andruff,Pass,Sina Dee,,,,,,,,,,,,,,,,,,,,
,Direction,<<<<<<,,,,,,,,,,,,,,,,,,,,,,,,,,,,,,,,
,,,Drop,Christine Beals,Pass,Rob Tyson,,,,,,,,,,,,,,,,,,,,,,,,,,,,
,Direction,>>>>>>,,,,,,,,,,,,,,,,,,,,,,,,,,,,,,,,
,,,POINT,Matt Trouble Andruff,Pass,David Townsend,,,,,,,,,,,,,,,,,,,,,,,,,,,,
,Direction,<<<<<<,,,,,,,,,,,,,,,,,,,,,,,,,,,,,,,,
,,,POINT,Dan Thomson,Pass,Stanley Kent,Pass,Dan Thomson,Pass,An Tran,Pass,Trevor Stocki,Pass,Dan Thomson,Pass,An Tran,Pass,Trevor Stocki,Pass,Stanley Kent,,,,,,,,,,,,,,
,Direction,>>>>>>,,,,,,,,,,,,,,,,,,,,,,,,,,,,,,,,
,,,Throw Away,Jen Cluthe,Pass,Matt Trouble Andruff,Pass,Sina Dee,Pass,Matt Trouble Andruff,Pass,Sina Dee,,,,,,,,,,,,,,,,,,,,,,
,Direction,<<<<<<,,,,,,,,,,,,,,,,,,,,,,,,,,,,,,,,
,,,Throw Away,Rob Tyson,,,,,,,,,,,,,,,,,,,,,,,,,,,,,,
,Direction,>>>>>>,,,,,,,,,,,,,,,,,,,,,,,,,,,,,,,,
,D,Jen Cluthe,,,,,,,,,,,,,,,,,,,,,,,,,,,,,,,,
,,,POINT,Mackenzie King,Pass,Sina Dee,,,,,,,,,,,,,,,,,,,,,,,,,,,,
,Direction,<<<<<<,,,,,,,,,,,,,,,,,,,,,,,,,,,,,,,,
,,,Throw Away,Stanley Kent,Pass,Dan Thomson,Pass,Stanley Kent,,,,,,,,,,,,,,,,,,,,,,,,,,
,Direction,>>>>>>,,,,,,,,,,,,,,,,,,,,,,,,,,,,,,,,
,D,Mackenzie King,,,,,,,,,,,,,,,,,,,,,,,,,,,,,,,,
,,,Drop,Sebastien Benard,Pass,Mackenzie King,Pass,Matt Trouble Andruff,Pass,Mackenzie King,,,,,,,,,,,,,,,,,,,,,,,,
,Direction,<<<<<<,,,,,,,,,,,,,,,,,,,,,,,,,,,,,,,,
,,,POINT,Dan Thomson,Pass,Greg Kung,Pass,Stanley Kent,Pass,An Tran,Pass,Stanley Kent,,,,,,,,,,,,,,,,,,,,,,
,Direction,>>>>>>,,,,,,,,,,,,,,,,,,,,,,,,,,,,,,,,
,,,Drop,Ivan Sabourin,Pass,Heather Wallace,Pass,Sina Dee,,,,,,,,,,,,,,,,,,,,,,,,,,
,Direction,<<<<<<,,,,,,,,,,,,,,,,,,,,,,,,,,,,,,,,
,,,Throw Away,Hope Celani,Pass,Rob Tyson,,,,,,,,,,,,,,,,,,,,,,,,,,,,
,Direction,>>>>>>,,,,,,,,,,,,,,,,,,,,,,,,,,,,,,,,
,,,POINT,David Townsend,Pass,Sebastien Benard,Pass,Sina Dee,,,,,,,,,,,,,,,,,,,,,,,,,,
,Direction,<<<<<<,,,,,,,,,,,,,,,,,,,,,,,,,,,,,,,,
,,,Throw Away,Melissa Berry,Pass,An Tran,Pass,Stanley Kent,,,,,,,,,,,,,,,,,,,,,,,,,,
,Direction,>>>>>>,,,,,,,,,,,,,,,,,,,,,,,,,,,,,,,,
,D,Ivan Sabourin,,,,,,,,,,,,,,,,,,,,,,,,,,,,,,,,
,,,Throw Away,Vanessa Lyon,,,,,,,,,,,,,,,,,,,,,,,,,,,,,,
,Direction,<<<<<<,,,,,,,,,,,,,,,,,,,,,,,,,,,,,,,,
,,,Throw Away,Stanley Kent,Pass,Melissa Berry,Pass,Stanley Kent,,,,,,,,,,,,,,,,,,,,,,,,,,
,Direction,>>>>>>,,,,,,,,,,,,,,,,,,,,,,,,,,,,,,,,
,D,Sina Dee,,,,,,,,,,,,,,,,,,,,,,,,,,,,,,,,
,,,POINT,Ivan Sabourin,Pass,Matt Trouble Andruff,Pass,Mackenzie King,Pass,Vanessa Lyon,Pass,Sina Dee,,,,,,,,,,,,,,,,,,,,,,
,Direction,<<<<<<,,,,,,,,,,,,,,,,,,,,,,,,,,,,,,,,
,,,Drop,Hope Celani,Pass,Yingdi Wu,Pass,Rob Tyson,Pass,Morgan Howard,Pass,Ariel Untiveros,Pass,Morgan Howard,Pass,Rob Tyson,,,,,,,,,,,,,,,,,,
,Direction,>>>>>>,,,,,,,,,,,,,,,,,,,,,,,,,,,,,,,,
,,,POINT,Jen Cluthe,Pass,David Townsend,Pass,Sebastien Benard,Pass,Carrie-Anne Whyte(S),Pass,Matt Trouble Andruff,Pass,Sebastien Benard,Pass,David Townsend,,,,,,,,,,,,,,,,,,
,Direction,<<<<<<,,,,,,,,,,,,,,,,,,,,,,,,,,,,,,,,
,,,Throw Away,Dan Thomson,Pass,Stanley Kent,Pass,Greg Kung,Pass,An Tran,Pass,Stanley Kent,,,,,,,,,,,,,,,,,,,,,,
,Direction,>>>>>>,,,,,,,,,,,,,,,,,,,,,,,,,,,,,,,,
,D,Ivan Sabourin,,,,,,,,,,,,,,,,,,,,,,,,,,,,,,,,
,,,POINT,David Townsend,Pass,Sebastien Benard,Pass,Sina Dee,Pass,Sebastien Benard,,,,,,,,,,,,,,,,,,,,,,,,
,Direction,<<<<<<,,,,,,,,,,,,,,,,,,,,,,,,,,,,,,,,
,,,Drop,Rob Tyson,Pass,Yingdi Wu,Pass,Rob Tyson,Pass,Morgan Howard,Pass,Christine Beals,Pass,Ariel Untiveros,,,,,,,,,,,,,,,,,,,,
,Direction,>>>>>>,,,,,,,,,,,,,,,,,,,,,,,,,,,,,,,,
,,,Drop,Heather Wallace,Pass,Mackenzie King,Pass,Matt Trouble Andruff,,,,,,,,,,,,,,,,,,,,,,,,,,
,Direction,<<<<<<,,,,,,,,,,,,,,,,,,,,,,,,,,,,,,,,
,,,POINT,Hope Celani,Pass,Morgan Howard,Pass,Ariel Untiveros,,,,,,,,,,,,,,,,,,,,,,,,,,
,Direction,>>>>>>,,,,,,,,,,,,,,,,,,,,,,,,,,,,,,,,
,,,Throw Away,Matt Trouble Andruff,Pass,David Townsend,Pass,Mackenzie King,,,,,,,,,,,,,,,,,,,,,,,,,,
,Direction,<<<<<<,,,,,,,,,,,,,,,,,,,,,,,,,,,,,,,,
,D,Melissa Berry,,,,,,,,,,,,,,,,,,,,,,,,,,,,,,,,
,,,Throw Away,An Tran,Pass,Melissa Berry,,,,,,,,,,,,,,,,,,,,,,,,,,,,
,Direction,>>>>>>,,,,,,,,,,,,,,,,,,,,,,,,,,,,,,,,
,D,Matt Trouble Andruff,,,,,,,,,,,,,,,,,,,,,,,,,,,,,,,,
,,,Throw Away,Vanessa Lyon,,,,,,,,,,,,,,,,,,,,,,,,,,,,,,
,Direction,<<<<<<,,,,,,,,,,,,,,,,,,,,,,,,,,,,,,,,
,,,POINT,Stanley Kent,Pass,Greg Kung,Pass,An Tran,Pass,Stanley Kent,,,,,,,,,,,,,,,,,,,,,,,,
,Direction,>>>>>>,,,,,,,,,,,,,,,,,,,,,,,,,,,,,,,,
,,,Drop,Ivan Sabourin,Pass,Sina Dee,Pass,Sebastien Benard,Pass,Heather Wallace,Pass,Sebastien Benard,,,,,,,,,,,,,,,,,,,,,,
,Direction,<<<<<<,,,,,,,,,,,,,,,,,,,,,,,,,,,,,,,,
,,,Throw Away,Yingdi Wu,Pass,Morgan Howard,,,,,,,,,,,,,,,,,,,,,,,,,,,,
,Direction,>>>>>>,,,,,,,,,,,,,,,,,,,,,,,,,,,,,,,,
,,,POINT,Ivan Sabourin,Pass,Heather Wallace,Pass,David Townsend,Pass,Sina Dee,,,,,,,,,,,,,,,,,,,,,,,,
,Direction,<<<<<<,,,,,,,,,,,,,,,,,,,,,,,,,,,,,,,,
,,,Throw Away,Greg Kung,Pass,Trevor Stocki,Pass,Dan Thomson,Pass,Melissa Berry,Pass,Dan Thomson,Pass,Stanley Kent,Pass,Trevor Stocki,Pass,Dan Thomson,Pass,Stanley Kent,,,,,,,,,,,,,,
,Direction,>>>>>>,,,,,,,,,,,,,,,,,,,,,,,,,,,,,,,,
,,,Throw Away,Vanessa Lyon,Pass,Mackenzie King,Pass,Ivan Sabourin,Pass,Vanessa Lyon,,,,,,,,,,,,,,,,,,,,,,,,
,Direction,<<<<<<,,,,,,,,,,,,,,,,,,,,,,,,,,,,,,,,
,D,Dan Thomson,,,,,,,,,,,,,,,,,,,,,,,,,,,,,,,,
,,,Throw Away,An Tran,Pass,Trevor Stocki,Pass,An Tran,Pass,Stanley Kent,,,,,,,,,,,,,,,,,,,,,,,,
,Direction,>>>>>>,,,,,,,,,,,,,,,,,,,,,,,,,,,,,,,,
,D,Mackenzie King,,,,,,,,,,,,,,,,,,,,,,,,,,,,,,,,
,,,Drop,Sina Dee,Pass,Mackenzie King,,,,,,,,,,,,,,,,,,,,,,,,,,,,
,Direction,<<<<<<,,,,,,,,,,,,,,,,,,,,,,,,,,,,,,,,
,,,POINT,Melissa Berry,Pass,Greg Kung,Pass,Stanley Kent,,,,,,,,,,,,,,,,,,,,,,,,,,
,Direction,>>>>>>,,,,,,,,,,,,,,,,,,,,,,,,,,,,,,,,
,,,Throw Away,Heather Wallace,Pass,Sebastien Benard,Pass,Matt Trouble Andruff,,,,,,,,,,,,,,,,,,,,,,,,,,
,Direction,<<<<<<,,,,,,,,,,,,,,,,,,,,,,,,,,,,,,,,
,D,Ariel Untiveros,,,,,,,,,,,,,,,,,,,,,,,,,,,,,,,,
,,,Throw Away,Yingdi Wu,Pass,Morgan Howard,Pass,Yingdi Wu,Pass,Ariel Untiveros,,,,,,,,,,,,,,,,,,,,,,,,
,Direction,>>>>>>,,,,,,,,,,,,,,,,,,,,,,,,,,,,,,,,
,D,Heather Wallace,,,,,,,,,,,,,,,,,,,,,,,,,,,,,,,,
,,,POINT,Jen Cluthe,Pass,Matt Trouble Andruff,Pass,David Townsend,Pass,Matt Trouble Andruff,,,,,,,,,,,,,,,,,,,,,,,,
,Direction,<<<<<<,,,,,,,,,,,,,,,,,,,,,,,,,,,,,,,,
,,,Throw Away,Greg Kung,Pass,An Tran,Pass,Stanley Kent,Pass,Dan Thomson,Pass,Melissa Berry,Pass,Trevor Stocki,Pass,Stanley Kent,,,,,,,,,,,,,,,,,,
,Direction,>>>>>>,,,,,,,,,,,,,,,,,,,,,,,,,,,,,,,,
,,,Throw Away,Ivan Sabourin,,,,,,,,,,,,,,,,,,,,,,,,,,,,,,
,Direction,<<<<<<,,,,,,,,,,,,,,,,,,,,,,,,,,,,,,,,
,D,Stanley Kent,,,,,,,,,,,,,,,,,,,,,,,,,,,,,,,,
,,,POINT,Dan Thomson,Pass,Stanley Kent,,,,,,,,,,,,,,,,,,,,,,,,,,,,
,Direction,>>>>>>,,,,,,,,,,,,,,,,,,,,,,,,,,,,,,,,
,Sides,Switch,,,,,,,,,,,,,,,,,,,,,,,,,,,,,,,,
,Pull,Matt Trouble Andruff,,,,,,,,,,,,,,,,,,,,,,,,,,,,,,,,
,Direction,>>>>>>,,,,,,,,,,,,,,,,,,,,,,,,,,,,,,,,
,,,Throw Away,Ariel Untiveros,,,,,,,,,,,,,,,,,,,,,,,,,,,,,,
,Direction,<<<<<<,,,,,,,,,,,,,,,,,,,,,,,,,,,,,,,,
,D,Mackenzie King,,,,,,,,,,,,,,,,,,,,,,,,,,,,,,,,
,,,Drop,Jen Cluthe,Pass,David Townsend,Pass,Mackenzie King,Pass,Jen Cluthe,Pass,Matt Trouble Andruff,Pass,Mackenzie King,,,,,,,,,,,,,,,,,,,,
,Direction,>>>>>>,,,,,,,,,,,,,,,,,,,,,,,,,,,,,,,,
,,,POINT,Rob Tyson,Pass,Morgan Howard,Pass,Ariel Untiveros,,,,,,,,,,,,,,,,,,,,,,,,,,
,Direction,<<<<<<,,,,,,,,,,,,,,,,,,,,,,,,,,,,,,,,
,,,Throw Away,Ivan Sabourin,Pass,Sina Dee,,,,,,,,,,,,,,,,,,,,,,,,,,,,
,Direction,>>>>>>,,,,,,,,,,,,,,,,,,,,,,,,,,,,,,,,
,D,Dan Thomson,,,,,,,,,,,,,,,,,,,,,,,,,,,,,,,,
,,,Throw Away,Trevor Stocki,Pass,An Tran,Pass,Dan Thomson,,,,,,,,,,,,,,,,,,,,,,,,,,
,Direction,<<<<<<,,,,,,,,,,,,,,,,,,,,,,,,,,,,,,,,
,,,POINT,Matt Trouble Andruff,Pass,Sina Dee,Pass,Vanessa Lyon,,,,,,,,,,,,,,,,,,,,,,,,,,
,Direction,>>>>>>,,,,,,,,,,,,,,,,,,,,,,,,,,,,,,,,
,,,Throw Away,Christine Beals,Pass,Hope Celani,Pass,Yingdi Wu,Pass,Ariel Untiveros,,,,,,,,,,,,,,,,,,,,,,,,
,Direction,<<<<<<,,,,,,,,,,,,,,,,,,,,,,,,,,,,,,,,
,,,Throw Away,Sebastien Benard,Pass,Jen Cluthe,Pass,Sebastien Benard,,,,,,,,,,,,,,,,,,,,,,,,,,
,Direction,>>>>>>,,,,,,,,,,,,,,,,,,,,,,,,,,,,,,,,
,D,Rob Tyson,,,,,,,,,,,,,,,,,,,,,,,,,,,,,,,,
,,,Drop,Morgan Howard,Pass,Hope Celani,,,,,,,,,,,,,,,,,,,,,,,,,,,,
,Direction,<<<<<<,,,,,,,,,,,,,,,,,,,,,,,,,,,,,,,,
,,,Throw Away,Heather Wallace,Pass,Sebastien Benard,,,,,,,,,,,,,,,,,,,,,,,,,,,,
,Direction,>>>>>>,,,,,,,,,,,,,,,,,,,,,,,,,,,,,,,,
,,,Drop,Christine Beals,Pass,Hope Celani,,,,,,,,,,,,,,,,,,,,,,,,,,,,
,Direction,<<<<<<,,,,,,,,,,,,,,,,,,,,,,,,,,,,,,,,
,,,POINT,Sebastien Benard,Pass,Ivan Sabourin,Pass,Sina Dee,Pass,Heather Wallace,,,,,,,,,,,,,,,,,,,,,,,,
,Direction,>>>>>>,,,,,,,,,,,,,,,,,,,,,,,,,,,,,,,,
,,,Drop,Greg Kung,Pass,Dan Thomson,Pass,Stanley Kent,,,,,,,,,,,,,,,,,,,,,,,,,,
,Direction,<<<<<<,,,,,,,,,,,,,,,,,,,,,,,,,,,,,,,,
,,,Throw Away,Mackenzie King,Pass,Matt Trouble Andruff,Pass,Mackenzie King,,,,,,,,,,,,,,,,,,,,,,,,,,
,Direction,>>>>>>,,,,,,,,,,,,,,,,,,,,,,,,,,,,,,,,
,,,POINT,Melissa Berry,Pass,Stanley Kent,Pass,Trevor Stocki,,,,,,,,,,,,,,,,,,,,,,,,,,
,Direction,<<<<<<,,,,,,,,,,,,,,,,,,,,,,,,,,,,,,,,
,,,Throw Away,Sina Dee,,,,,,,,,,,,,,,,,,,,,,,,,,,,,,
,Direction,>>>>>>,,,,,,,,,,,,,,,,,,,,,,,,,,,,,,,,
,,,Throw Away,Yingdi Wu,Pass,Ariel Untiveros,,,,,,,,,,,,,,,,,,,,,,,,,,,,
,Direction,<<<<<<,,,,,,,,,,,,,,,,,,,,,,,,,,,,,,,,
,D,Jen Cluthe,,,,,,,,,,,,,,,,,,,,,,,,,,,,,,,,
,,,Throw Away,Heather Wallace,,,,,,,,,,,,,,,,,,,,,,,,,,,,,,
,Direction,>>>>>>,,,,,,,,,,,,,,,,,,,,,,,,,,,,,,,,
,,,Throw Away,Rob Tyson,,,,,,,,,,,,,,,,,,,,,,,,,,,,,,
,Direction,<<<<<<,,,,,,,,,,,,,,,,,,,,,,,,,,,,,,,,
,D,Ivan Sabourin,,,,,,,,,,,,,,,,,,,,,,,,,,,,,,,,
,,,POINT,Jen Cluthe,Pass,Matt Trouble Andruff,Pass,Sina Dee,,,,,,,,,,,,,,,,,,,,,,,,,,
,Direction,>>>>>>,,,,,,,,,,,,,,,,,,,,,,,,,,,,,,,,
,,,POINT,Dan Thomson,Pass,Greg Kung,Pass,Stanley Kent,,,,,,,,,,,,,,,,,,,,,,,,,,
,Direction,<<<<<<,,,,,,,,,,,,,,,,,,,,,,,,,,,,,,,,
,,,Throw Away,Sebastien Benard,Pass,Heather Wallace,Pass,Mackenzie King,,,,,,,,,,,,,,,,,,,,,,,,,,
,Direction,>>>>>>,,,,,,,,,,,,,,,,,,,,,,,,,,,,,,,,
,D,Morgan Howard,,,,,,,,,,,,,,,,,,,,,,,,,,,,,,,,
,,,POINT,Morgan Howard,Pass,Ariel Untiveros,,,,,,,,,,,,,,,,,,,,,,,,,,,,
,Direction,<<<<<<,,,,,,,,,,,,,,,,,,,,,,,,,,,,,,,,
,,,Drop,Carrie-Anne Whyte(S),Pass,Mackenzie King,Pass,Sina Dee,Pass,Matt Trouble Andruff,Pass,Sina Dee,Pass,Vanessa Lyon,,,,,,,,,,,,,,,,,,,,
,Direction,>>>>>>,,,,,,,,,,,,,,,,,,,,,,,,,,,,,,,,
,,,Throw Away,Greg Kung,Pass,Stanley Kent,Pass,Melissa Berry,Pass,An Tran,Pass,Dan Thomson,Pass,Stanley Kent,,,,,,,,,,,,,,,,,,,,
,Direction,<<<<<<,,,,,,,,,,,,,,,,,,,,,,,,,,,,,,,,
,D,Matt Trouble Andruff,,,,,,,,,,,,,,,,,,,,,,,,,,,,,,,,
,,,Throw Away,Matt Trouble Andruff,,,,,,,,,,,,,,,,,,,,,,,,,,,,,,
,Direction,>>>>>>,,,,,,,,,,,,,,,,,,,,,,,,,,,,,,,,
,,,POINT,Melissa Berry,Pass,An Tran,Pass,Greg Kung,Pass,Stanley Kent,,,,,,,,,,,,,,,,,,,,,,,,
,Direction,<<<<<<,,,,,,,,,,,,,,,,,,,,,,,,,,,,,,,,
,,,Throw Away,Sina Dee,Pass,David Townsend,Pass,Jen Cluthe,Pass,Sina Dee,,,,,,,,,,,,,,,,,,,,,,,,
,Direction,>>>>>>,,,,,,,,,,,,,,,,,,,,,,,,,,,,,,,,
,,,Throw Away,Ariel Untiveros,,,,,,,,,,,,,,,,,,,,,,,,,,,,,,
,Direction,<<<<<<,,,,,,,,,,,,,,,,,,,,,,,,,,,,,,,,
,,,Throw Away,Sina Dee,,,,,,,,,,,,,,,,,,,,,,,,,,,,,,
,Direction,>>>>>>,,,,,,,,,,,,,,,,,,,,,,,,,,,,,,,,
,D,Ariel Untiveros,,,,,,,,,,,,,,,,,,,,,,,,,,,,,,,,
,,,Throw Away,Ariel Untiveros,,,,,,,,,,,,,,,,,,,,,,,,,,,,,,
,Direction,<<<<<<,,,,,,,,,,,,,,,,,,,,,,,,,,,,,,,,
,,,Throw Away,Ivan Sabourin,Pass,Sina Dee,,,,,,,,,,,,,,,,,,,,,,,,,,,,
,Direction,>>>>>>,,,,,,,,,,,,,,,,,,,,,,,,,,,,,,,,
,D,Rob Tyson,,,,,,,,,,,,,,,,,,,,,,,,,,,,,,,,
,,,POINT,Morgan Howard,Pass,Yingdi Wu,Pass,Morgan Howard,Pass,Hope Celani,Pass,Rob Tyson,,,,,,,,,,,,,,,,,,,,,,
,Direction,<<<<<<,,,,,,,,,,,,,,,,,,,,,,,,,,,,,,,,
,,,POINT,David Townsend,Pass,Matt Trouble Andruff,Pass,David Townsend,Pass,Mackenzie King,,,,,,,,,,,,,,,,,,,,,,,,
,Direction,>>>>>>,,,,,,,,,,,,,,,,,,,,,,,,,,,,,,,,
,,,POINT,Morgan Howard,Pass,Ariel Untiveros,Pass,Yingdi Wu,Pass,Ariel Untiveros,Pass,Christine Beals,Pass,Morgan Howard,Pass,Rob Tyson,,,,,,,,,,,,,,,,,,
,Direction,<<<<<<,,,,,,,,,,,,,,,,,,,,,,,,,,,,,,,,
,,,POINT,Sina Dee,Pass,David Townsend,Pass,Carrie-Anne Whyte(S),Pass,Vanessa Lyon,Pass,Sina Dee,Pass,Ivan Sabourin,Pass,Sina Dee,,,,,,,,,,,,,,,,,,
,Direction,>>>>>>,,,,,,,,,,,,,,,,,,,,,,,,,,,,,,,,
,,,Drop,Hope Celani,Pass,Ariel Untiveros,,,,,,,,,,,,,,,,,,,,,,,,,,,,
,Direction,<<<<<<,,,,,,,,,,,,,,,,,,,,,,,,,,,,,,,,
,,,Drop,Jen Cluthe,Pass,Heather Wallace,,,,,,,,,,,,,,,,,,,,,,,,,,,,
,Direction,>>>>>>,,,,,,,,,,,,,,,,,,,,,,,,,,,,,,,,
,,,Throw Away,Ariel Untiveros,,,,,,,,,,,,,,,,,,,,,,,,,,,,,,
,Direction,<<<<<<,,,,,,,,,,,,,,,,,,,,,,,,,,,,,,,,
,,,POINT,Mackenzie King,Pass,Sebastien Benard,Pass,Jen Cluthe,Pass,Mackenzie King,Pass,Matt Trouble Andruff,Pass,David Townsend,,,,,,,,,,,,,,,,,,,,
,Direction,>>>>>>,,,,,,,,,,,,,,,,,,,,,,,,,,,,,,,,
,,,POINT,An Tran,Pass,Trevor Stocki,Pass,Dan Thomson,Pass,Melissa Berry,Pass,Dan Thomson,Pass,Stanley Kent,,,,,,,,,,,,,,,,,,,,
,Direction,<<<<<<,,,,,,,,,,,,,,,,,,,,,,,,,,,,,,,,
,,,Throw Away,Sina Dee,Pass,Sebastien Benard,Pass,Heather Wallace,Pass,Sina Dee,,,,,,,,,,,,,,,,,,,,,,,,
,Direction,>>>>>>,,,,,,,,,,,,,,,,,,,,,,,,,,,,,,,,
,D,Ariel Untiveros,,,,,,,,,,,,,,,,,,,,,,,,,,,,,,,,
,,,Throw Away,Yingdi Wu,Pass,Morgan Howard,Pass,Yingdi Wu,Pass,Ariel Untiveros,Pass,Yingdi Wu,Pass,Ariel Untiveros,,,,,,,,,,,,,,,,,,,,
,Direction,<<<<<<,,,,,,,,,,,,,,,,,,,,,,,,,,,,,,,,
,D,Sina Dee,,,,,,,,,,,,,,,,,,,,,,,,,,,,,,,,
,,,Throw Away,Heather Wallace,Pass,David Townsend,,,,,,,,,,,,,,,,,,,,,,,,,,,,
,Direction,>>>>>>,,,,,,,,,,,,,,,,,,,,,,,,,,,,,,,,
,D,Morgan Howard,,,,,,,,,,,,,,,,,,,,,,,,,,,,,,,,
,,,POINT,Morgan Howard,Pass,Hope Celani,Pass,Ariel Untiveros,Pass,Morgan Howard,,,,,,,,,,,,,,,,,,,,,,,,
,Direction,<<<<<<,,,,,,,,,,,,,,,,,,,,,,,,,,,,,,,,
,,,Throw Away,David Townsend,Pass,Mackenzie King,Pass,Vanessa Lyon,Pass,Matt Trouble Andruff,Pass,David Townsend,Pass,Vanessa Lyon,,,,,,,,,,,,,,,,,,,,
,Direction,>>>>>>,,,,,,,,,,,,,,,,,,,,,,,,,,,,,,,,
,D,An Tran,,,,,,,,,,,,,,,,,,,,,,,,,,,,,,,,
,,,POINT,Greg Kung,Pass,Dan Thomson,Pass,An Tran,,,,,,,,,,,,,,,,,,,,,,,,,,
,Direction,<<<<<<,,,,,,,,,,,,,,,,,,,,,,,,,,,,,,,,
,,,Drop,Ivan Sabourin,Pass,Mackenzie King,,,,,,,,,,,,,,,,,,,,,,,,,,,,
,Direction,>>>>>>,,,,,,,,,,,,,,,,,,,,,,,,,,,,,,,,
,,,Throw Away,Hope Celani,Pass,Rob Tyson,Pass,Ariel Untiveros,,,,,,,,,,,,,,,,,,,,,,,,,,
,Direction,<<<<<<,,,,,,,,,,,,,,,,,,,,,,,,,,,,,,,,
,D,Mackenzie King,,,,,,,,,,,,,,,,,,,,,,,,,,,,,,,,
,,,Throw Away,Matt Trouble Andruff,Pass,Heather Wallace,Pass,Matt Trouble Andruff,Pass,Mackenzie King,,,,,,,,,,,,,,,,,,,,,,,,
,Direction,>>>>>>,,,,,,,,,,,,,,,,,,,,,,,,,,,,,,,,
,D,Ariel Untiveros,,,,,,,,,,,,,,,,,,,,,,,,,,,,,,,,
,,,POINT,Ariel Untiveros,Pass,Hope Celani,Pass,Yingdi Wu,Pass,Rob Tyson,Pass,Morgan Howard,Pass,Yingdi Wu,Pass,Ariel Untiveros,,,,,,,,,,,,,,,,,,
,Direction,<<<<<<,,,,,,,,,,,,,,,,,,,,,,,,,,,,,,,,
,,,POINT,Sebastien Benard,Pass,Carrie-Anne Whyte(S),Pass,Sebastien Benard,Pass,Sina Dee,,,,,,,,,,,,,,,,,,,,,,,,
,Direction,>>>>>>,,,,,,,,,,,,,,,,,,,,,,,,,,,,,,,,
,,,Throw Away,Yingdi Wu,Pass,Ariel Untiveros,,,,,,,,,,,,,,,,,,,,,,,,,,,,
,Direction,<<<<<<,,,,,,,,,,,,,,,,,,,,,,,,,,,,,,,,
,D,Matt Trouble Andruff,,,,,,,,,,,,,,,,,,,,,,,,,,,,,,,,
,,,POINT,David Townsend,Pass,Matt Trouble Andruff,Pass,Heather Wallace,Pass,David Townsend,Pass,Matt Trouble Andruff,,,,,,,,,,,,,,,,,,,,,,
,Direction,>>>>>>,,,,,,,,,,,,,,,,,,,,,,,,,,,,,,,,
,D,Greg Kung,,"D was missed durring the game, and Chris asked me to enter it manually",,,,,,,,,,,,,,,,,,,,,,,,,,,,,,
,,,,,,,,,,,,,,,,,,,,,,,,,,,,,,,,,,
,,,,,,,,,,,,,,,,,,,,,,,,,,,,,,,,,,
,,"Dump, Swing, Huck, Repeat vs Kindha's Disappointments",,,,,,,,,,,,,,,,,,,,,,,,,,,,,,,,
738,,1st half,12,9,,,,,,,,,,,,,,,,,,,,,,,,,,,,,,
861,,2nd half,10,6,,,,,,,,,,,,,,,,,,,,,,,,,,,,,,
970,,Score,22,15,,,,,,,,,,,,,,,,,,,,,,,,,,,,,,
,,,,,,,,,,,,,,,,,,,,,,,,,,,,,,,,,,
,,,,,,,,,,,,,,,,,,,,,,,,,,,,,,,,,,
,Pull,Al Colantonio,,,,,,,,,,,,,,,,,,,,,,,,,,,,,,,,
,Direction,<<<<<<,,,,,,,,,,,,,,,,,,,,,,,,,,,,,,,,
,,,Throw Away,Celine Dumais,Pass,Richard Gregory,Pass,Kinley Gee,Pass,Richard Gregory,Pass,Celine Dumais,Pass,Marie-Claude Lacombe,,,,,,,,,,,,,,,,,,,,
,Direction,>>>>>>,,,,,,,,,,,,,,,,,,,,,,,,,,,,,,,,
,D,Al Colantonio,,,,,,,,,,,,,,,,,,,,,,,,,,,,,,,,
,,,Throw Away,Matt Masse,Pass,Al Colantonio,,,,,,,,,,,,,,,,,,,,,,,,,,,,
,Direction,<<<<<<,,,,,,,,,,,,,,,,,,,,,,,,,,,,,,,,
,D,Celine Dumais,,,,,,,,,,,,,,,,,,,,,,,,,,,,,,,,
,,,Drop,Richard Gregory,Pass,Nick Ierullo,,,,,,,,,,,,,,,,,,,,,,,,,,,,
,Direction,>>>>>>,,,,,,,,,,,,,,,,,,,,,,,,,,,,,,,,
,,,Throw Away,Mark Donahue,Pass,Al Colantonio,,,,,,,,,,,,,,,,,,,,,,,,,,,,
,Direction,<<<<<<,,,,,,,,,,,,,,,,,,,,,,,,,,,,,,,,
,D,Nick Ierullo,,,,,,,,,,,,,,,,,,,,,,,,,,,,,,,,
,,,POINT,Kinley Gee,Pass,Max Angel,Pass,Celine Dumais,,,,,,,,,,,,,,,,,,,,,,,,,,
,Direction,>>>>>>,,,,,,,,,,,,,,,,,,,,,,,,,,,,,,,,
,,,Throw Away,Al Colantonio,Pass,Mark Donahue,Pass,Al Colantonio,,,,,,,,,,,,,,,,,,,,,,,,,,
,Direction,<<<<<<,,,,,,,,,,,,,,,,,,,,,,,,,,,,,,,,
,,,POINT,Kinley Gee,Pass,Patrick Gauvin,Pass,Laura Chambers Storey,Pass,Rob Ives,,,,,,,,,,,,,,,,,,,,,,,,
,Direction,>>>>>>,,,,,,,,,,,,,,,,,,,,,,,,,,,,,,,,
,,,Throw Away,Andrea Proulx(S),Pass,Al Colantonio,,,,,,,,,,,,,,,,,,,,,,,,,,,,
,Direction,<<<<<<,,,,,,,,,,,,,,,,,,,,,,,,,,,,,,,,
,D,Nick Ierullo,,,,,,,,,,,,,,,,,,,,,,,,,,,,,,,,
,,,Drop,Richard Gregory,Pass,Nick Ierullo,,,,,,,,,,,,,,,,,,,,,,,,,,,,
,Direction,>>>>>>,,,,,,,,,,,,,,,,,,,,,,,,,,,,,,,,
,,,Throw Away,Al Colantonio,,,,,,,,,,,,,,,,,,,,,,,,,,,,,,
,Direction,<<<<<<,,,,,,,,,,,,,,,,,,,,,,,,,,,,,,,,
,D,Richard Gregory,,,,,,,,,,,,,,,,,,,,,,,,,,,,,,,,
,,,Throw Away,Nick Ierullo,Pass,Richard Gregory,,,,,,,,,,,,,,,,,,,,,,,,,,,,
,Direction,>>>>>>,,,,,,,,,,,,,,,,,,,,,,,,,,,,,,,,
,,,Throw Away,Al Colantonio,Pass,Jason Fraser(S),,,,,,,,,,,,,,,,,,,,,,,,,,,,
,Direction,<<<<<<,,,,,,,,,,,,,,,,,,,,,,,,,,,,,,,,
,,,Drop,Marie-Claude Lacombe,Pass,Richard Gregory,,,,,,,,,,,,,,,,,,,,,,,,,,,,
,Direction,>>>>>>,,,,,,,,,,,,,,,,,,,,,,,,,,,,,,,,
,,,Throw Away,Al Colantonio,,,,,,,,,,,,,,,,,,,,,,,,,,,,,,
,Direction,<<<<<<,,,,,,,,,,,,,,,,,,,,,,,,,,,,,,,,
,D,Marie-Claude Lacombe,,,,,,,,,,,,,,,,,,,,,,,,,,,,,,,,
,,,Throw Away,Richard Gregory,,,,,,,,,,,,,,,,,,,,,,,,,,,,,,
,Direction,>>>>>>,,,,,,,,,,,,,,,,,,,,,,,,,,,,,,,,
,D,Will Leckie,,,,,,,,,,,,,,,,,,,,,,,,,,,,,,,,
,,,Throw Away,Al Colantonio,Pass,Jason Fraser(S),,,,,,,,,,,,,,,,,,,,,,,,,,,,
,Direction,<<<<<<,,,,,,,,,,,,,,,,,,,,,,,,,,,,,,,,
,,,POINT,Richard Gregory,Pass,Jim Robinson,Pass,Celine Dumais,Pass,Richard Gregory,Pass,Marie-Claude Lacombe,Pass,Richard Gregory,Pass,Nick Ierullo,,,,,,,,,,,,,,,,,,
,Direction,>>>>>>,,,,,,,,,,,,,,,,,,,,,,,,,,,,,,,,
,,,Drop,Laura Knowles,Pass,Matt Masse,,,,,,,,,,,,,,,,,,,,,,,,,,,,
,Direction,<<<<<<,,,,,,,,,,,,,,,,,,,,,,,,,,,,,,,,
,,,POINT,Lissa Greenspoon,Pass,Kinley Gee,,,,,,,,,,,,,,,,,,,,,,,,,,,,
,Direction,>>>>>>,,,,,,,,,,,,,,,,,,,,,,,,,,,,,,,,
,,,POINT,Laura Knowles,Pass,Mark Donahue,Pass,Sandra Hanson,,,,,,,,,,,,,,,,,,,,,,,,,,
,Direction,<<<<<<,,,,,,,,,,,,,,,,,,,,,,,,,,,,,,,,
,,,Drop,Patrick Gauvin,Pass,Richard Gregory,,,,,,,,,,,,,,,,,,,,,,,,,,,,
,Direction,>>>>>>,,,,,,,,,,,,,,,,,,,,,,,,,,,,,,,,
,,,POINT,Will Leckie,Pass,Al Colantonio,Pass,Christopher Kraft,Pass,Al Colantonio,,,,,,,,,,,,,,,,,,,,,,,,
,Direction,<<<<<<,,,,,,,,,,,,,,,,,,,,,,,,,,,,,,,,
,,,POINT,Laura Chambers Storey,Pass,Nick Ierullo,Pass,Richard Gregory,Pass,Jim Robinson,Pass,Richard Gregory,Pass,Laura Chambers Storey,,,,,,,,,,,,,,,,,,,,
,Direction,>>>>>>,,,,,,,,,,,,,,,,,,,,,,,,,,,,,,,,
,,,POINT,Mark Donahue,Pass,Al Colantonio,Pass,Matt Masse,,,,,,,,,,,,,,,,,,,,,,,,,,
,Direction,<<<<<<,,,,,,,,,,,,,,,,,,,,,,,,,,,,,,,,
,,,Throw Away,Laura Chambers Storey,,,,,,,,,,,,,,,,,,,,,,,,,,,,,,
,Direction,>>>>>>,,,,,,,,,,,,,,,,,,,,,,,,,,,,,,,,
,D,Laura Knowles,,,,,,,,,,,,,,,,,,,,,,,,,,,,,,,,
,,,Throw Away,Christopher Kraft,,,,,,,,,,,,,,,,,,,,,,,,,,,,,,
,Direction,<<<<<<,,,,,,,,,,,,,,,,,,,,,,,,,,,,,,,,
,D,Laura Chambers Storey,,,,,,,,,,,,,,,,,,,,,,,,,,,,,,,,
,,,Throw Away,Nick Ierullo,,,,,,,,,,,,,,,,,,,,,,,,,,,,,,
,Direction,>>>>>>,,,,,,,,,,,,,,,,,,,,,,,,,,,,,,,,
,,,Throw Away,Laura Knowles,Pass,Andrea Proulx(S),Pass,Christopher Kraft,Pass,Will Leckie,Pass,Al Colantonio,,,,,,,,,,,,,,,,,,,,,,
,Direction,<<<<<<,,,,,,,,,,,,,,,,,,,,,,,,,,,,,,,,
,D,Nick Ierullo,,,,,,,,,,,,,,,,,,,,,,,,,,,,,,,,
,,,POINT,Nick Ierullo,Pass,Jim Robinson,Pass,Richard Gregory,,,,,,,,,,,,,,,,,,,,,,,,,,
,Direction,>>>>>>,,,,,,,,,,,,,,,,,,,,,,,,,,,,,,,,
,,,POINT,Sandra Hanson,Pass,Will Leckie,Pass,Laura Knowles,Pass,Matt Masse,Pass,Will Leckie,Pass,Matt Masse,Pass,Christopher Kraft,,,,,,,,,,,,,,,,,,
,Direction,<<<<<<,,,,,,,,,,,,,,,,,,,,,,,,,,,,,,,,
,,,POINT,Richard Gregory,Pass,Nick Ierullo,Pass,Kinley Gee,,,,,,,,,,,,,,,,,,,,,,,,,,
,Direction,>>>>>>,,,,,,,,,,,,,,,,,,,,,,,,,,,,,,,,
,,,Throw Away,Will Leckie,Pass,Al Colantonio,,,,,,,,,,,,,,,,,,,,,,,,,,,,
,Direction,<<<<<<,,,,,,,,,,,,,,,,,,,,,,,,,,,,,,,,
,D,Max Angel,,,,,,,,,,,,,,,,,,,,,,,,,,,,,,,,
,,,POINT,Patrick Gauvin,Pass,Max Angel,Pass,Jim Robinson,Pass,Rob Ives,Pass,Celine Dumais,Pass,Max Angel,Pass,Jim Robinson,Pass,Rob Ives,Pass,Max Angel,Pass,Marie-Claude Lacombe,Pass,Jim Robinson,,,,,,,,,,
,Direction,>>>>>>,,,,,,,,,,,,,,,,,,,,,,,,,,,,,,,,
,,,POINT,Christopher Kraft,Pass,Al Colantonio,Pass,Matt Masse,,,,,,,,,,,,,,,,,,,,,,,,,,
,Direction,<<<<<<,,,,,,,,,,,,,,,,,,,,,,,,,,,,,,,,
,,,POINT,Max Angel,Pass,Celine Dumais,Pass,Kinley Gee,Pass,Rob Ives,Pass,Kinley Gee,Pass,Rob Ives,Pass,Kinley Gee,Pass,Jim Robinson,Pass,Rob Ives,,,,,,,,,,,,,,
,Direction,>>>>>>,,,,,,,,,,,,,,,,,,,,,,,,,,,,,,,,
,,,Throw Away,Christopher Kraft,Pass,Will Leckie,Pass,Andrea Proulx(S),Pass,Al Colantonio,,,,,,,,,,,,,,,,,,,,,,,,
,Direction,<<<<<<,,,,,,,,,,,,,,,,,,,,,,,,,,,,,,,,
,D,Patrick Gauvin,,,,,,,,,,,,,,,,,,,,,,,,,,,,,,,,
,,,Throw Away,Patrick Gauvin,Pass,Laura Chambers Storey,Pass,Richard Gregory,Pass,Kinley Gee,Pass,Richard Gregory,Pass,Nick Ierullo,Pass,Richard Gregory,Pass,Nick Ierullo,,,,,,,,,,,,,,,,
,Direction,>>>>>>,,,,,,,,,,,,,,,,,,,,,,,,,,,,,,,,
,,,Throw Away,Al Colantonio,,,,,,,,,,,,,,,,,,,,,,,,,,,,,,
,Direction,<<<<<<,,,,,,,,,,,,,,,,,,,,,,,,,,,,,,,,
,D,Nick Ierullo,,,,,,,,,,,,,,,,,,,,,,,,,,,,,,,,
,,,POINT,Lissa Greenspoon,Pass,Kinley Gee,Pass,Richard Gregory,Pass,Kinley Gee,Pass,Richard Gregory,Pass,Laura Chambers Storey,Pass,Kinley Gee,Pass,Laura Chambers Storey,Pass,Patrick Gauvin,Pass,Kinley Gee,Pass,Nick Ierullo,,,,,,,,,,
,Direction,>>>>>>,,,,,,,,,,,,,,,,,,,,,,,,,,,,,,,,
,,,POINT,Andrea Proulx(S),Pass,Mark Donahue,Pass,Al Colantonio,Pass,Andrea Proulx(S),Pass,Al Colantonio,Pass,Sandra Hanson,,,,,,,,,,,,,,,,,,,,
,Direction,<<<<<<,,,,,,,,,,,,,,,,,,,,,,,,,,,,,,,,
,,,Throw Away,Rob Ives,Pass,Patrick Gauvin,Pass,Rob Ives,,,,,,,,,,,,,,,,,,,,,,,,,,
,Direction,>>>>>>,,,,,,,,,,,,,,,,,,,,,,,,,,,,,,,,
,D,Jonathan Champagne,,,,,,,,,,,,,,,,,,,,,,,,,,,,,,,,
,,,Drop,Mark Donahue,Pass,Matt Masse,Pass,Jonathan Champagne,,,,,,,,,,,,,,,,,,,,,,,,,,
,Direction,<<<<<<,,,,,,,,,,,,,,,,,,,,,,,,,,,,,,,,
,,,Throw Away,Rob Ives,,,,,,,,,,,,,,,,,,,,,,,,,,,,,,
,Direction,>>>>>>,,,,,,,,,,,,,,,,,,,,,,,,,,,,,,,,
,D,Mark Donahue,,,,,,,,,,,,,,,,,,,,,,,,,,,,,,,,
,,,Throw Away,Will Leckie,,,,,,,,,,,,,,,,,,,,,,,,,,,,,,
,Direction,<<<<<<,,,,,,,,,,,,,,,,,,,,,,,,,,,,,,,,
,D,Rob Ives,,,,,,,,,,,,,,,,,,,,,,,,,,,,,,,,
,,,POINT,Patrick Gauvin,Pass,Kinley Gee,Pass,Rob Ives,,,,,,,,,,,,,,,,,,,,,,,,,,
,Direction,>>>>>>,,,,,,,,,,,,,,,,,,,,,,,,,,,,,,,,
,,,Drop,Andrea Proulx(S),Pass,Al Colantonio,Pass,Laura Knowles,Pass,Mark Donahue,Pass,Andrea Proulx(S),Pass,Al Colantonio,,,,,,,,,,,,,,,,,,,,
,Direction,<<<<<<,,,,,,,,,,,,,,,,,,,,,,,,,,,,,,,,
,,,Throw Away,Kinley Gee,Pass,Richard Gregory,Pass,Jim Robinson,Pass,Richard Gregory,Pass,Kinley Gee,Pass,Richard Gregory,,,,,,,,,,,,,,,,,,,,
,Direction,>>>>>>,,,,,,,,,,,,,,,,,,,,,,,,,,,,,,,,
,D,Christopher Kraft,,,,,,,,,,,,,,,,,,,,,,,,,,,,,,,,
,,,POINT,Al Colantonio,Pass,Will Leckie,Pass,Al Colantonio,Pass,Andrea Proulx(S),Pass,Al Colantonio,Pass,Christopher Kraft,,,,,,,,,,,,,,,,,,,,
,Direction,<<<<<<,,,,,,,,,,,,,,,,,,,,,,,,,,,,,,,,
,,,POINT,Lissa Greenspoon,Pass,Max Angel,Pass,Kinley Gee,,,,,,,,,,,,,,,,,,,,,,,,,,
,Direction,>>>>>>,,,,,,,,,,,,,,,,,,,,,,,,,,,,,,,,
,,,POINT,Laura Knowles,Pass,Al Colantonio,Pass,Matt Masse,,,,,,,,,,,,,,,,,,,,,,,,,,
,Direction,<<<<<<,,,,,,,,,,,,,,,,,,,,,,,,,,,,,,,,
,,,Throw Away,Richard Gregory,,,,,,,,,,,,,,,,,,,,,,,,,,,,,,
,Direction,>>>>>>,,,,,,,,,,,,,,,,,,,,,,,,,,,,,,,,
,,,POINT,Will Leckie,Pass,Matt Masse,,,,,,,,,,,,,,,,,,,,,,,,,,,,
,Direction,<<<<<<,,,,,,,,,,,,,,,,,,,,,,,,,,,,,,,,
,Sides,Switch,,,,,,,,,,,,,,,,,,,,,,,,,,,,,,,,
,Pull,Kinley Gee,,,,,,,,,,,,,,,,,,,,,,,,,,,,,,,,
,Direction,<<<<<<,,,,,,,,,,,,,,,,,,,,,,,,,,,,,,,,
,,,Throw Away,Will Leckie,Pass,Matt Masse,Pass,Sandra Hanson,Pass,Matt Masse,,,,,,,,,,,,,,,,,,,,,,,,
,Direction,>>>>>>,,,,,,,,,,,,,,,,,,,,,,,,,,,,,,,,
,,,Throw Away,Marie-Claude Lacombe,Pass,Jim Robinson,,,,,,,,,,,,,,,,,,,,,,,,,,,,
,Direction,<<<<<<,,,,,,,,,,,,,,,,,,,,,,,,,,,,,,,,
,D,Laura Knowles,,,,,,,,,,,,,,,,,,,,,,,,,,,,,,,,
,,,Throw Away,Al Colantonio,Pass,Matt Masse,,,,,,,,,,,,,,,,,,,,,,,,,,,,
,Direction,>>>>>>,,,,,,,,,,,,,,,,,,,,,,,,,,,,,,,,
,,,POINT,Jim Robinson,Pass,Patrick Gauvin,Pass,Lissa Greenspoon,Pass,Kinley Gee,Pass,Patrick Gauvin,,,,,,,,,,,,,,,,,,,,,,
,Direction,<<<<<<,,,,,,,,,,,,,,,,,,,,,,,,,,,,,,,,
,,,Throw Away,Andrea Proulx(S),Pass,Christopher Kraft,Pass,Sandra Hanson,Pass,Will Leckie,Pass,Mark Donahue,Pass,Sandra Hanson,,,,,,,,,,,,,,,,,,,,
,Direction,>>>>>>,,,,,,,,,,,,,,,,,,,,,,,,,,,,,,,,
,D,Rob Ives,,,,,,,,,,,,,,,,,,,,,,,,,,,,,,,,
,,,Throw Away,Celine Dumais,Pass,Max Angel,Pass,Kinley Gee,Pass,Rob Ives,,,,,,,,,,,,,,,,,,,,,,,,
,Direction,<<<<<<,,,,,,,,,,,,,,,,,,,,,,,,,,,,,,,,
,D,Christopher Kraft,,,,,,,,,,,,,,,,,,,,,,,,,,,,,,,,
,,,POINT,Will Leckie,Pass,Andrea Proulx(S),Pass,Sandra Hanson,Pass,Matt Masse,Pass,Christopher Kraft,,,,,,,,,,,,,,,,,,,,,,
,Direction,>>>>>>,,,,,,,,,,,,,,,,,,,,,,,,,,,,,,,,
,,,POINT,Jim Robinson,Pass,Patrick Gauvin,Pass,Nick Ierullo,Pass,Lissa Greenspoon,Pass,Marie-Claude Lacombe,,,,,,,,,,,,,,,,,,,,,,
,Direction,<<<<<<,,,,,,,,,,,,,,,,,,,,,,,,,,,,,,,,
,,,Throw Away,Al Colantonio,Pass,Matt Masse,Pass,Will Leckie,Pass,Matt Masse,Pass,Will Leckie,Pass,Matt Masse,Pass,Laura Knowles,Pass,Matt Masse,Pass,Will Leckie,Pass,Matt Masse,Pass,Will Leckie,Pass,Laura Knowles,Pass,Sandra Hanson,Pass,Will Leckie,Pass,Sandra Hanson,Pass,Al Colantonio
,Direction,>>>>>>,,,,,,,,,,,,,,,,,,,,,,,,,,,,,,,,
,D,Nick Ierullo,,,,,,,,,,,,,,,,,,,,,,,,,,,,,,,,
,,,POINT,Max Angel,Pass,Rob Ives,Pass,Max Angel,Pass,Kinley Gee,Pass,Rob Ives,Pass,Nick Ierullo,,,,,,,,,,,,,,,,,,,,
,Direction,<<<<<<,,,,,,,,,,,,,,,,,,,,,,,,,,,,,,,,
,,,Drop,Jonathan Champagne,Pass,Al Colantonio,Pass,Christopher Kraft,Pass,Jonathan Champagne,Pass,Al Colantonio,,,,,,,,,,,,,,,,,,,,,,
,Direction,>>>>>>,,,,,,,,,,,,,,,,,,,,,,,,,,,,,,,,
,,,POINT,Richard Gregory,Pass,Kinley Gee,,,,,,,,,,,,,,,,,,,,,,,,,,,,
,Direction,<<<<<<,,,,,,,,,,,,,,,,,,,,,,,,,,,,,,,,
,,,Throw Away,Will Leckie,Pass,Christopher Kraft,Pass,Matt Masse,Pass,Sandra Hanson,Pass,Christopher Kraft,,,,,,,,,,,,,,,,,,,,,,
,Direction,>>>>>>,,,,,,,,,,,,,,,,,,,,,,,,,,,,,,,,
,,,Throw Away,Max Angel,Pass,Patrick Gauvin,Pass,Celine Dumais,Pass,Laura Chambers Storey,Pass,Rob Ives,,,,,,,,,,,,,,,,,,,,,,
,Direction,<<<<<<,,,,,,,,,,,,,,,,,,,,,,,,,,,,,,,,
,D,Sandra Hanson,,,,,,,,,,,,,,,,,,,,,,,,,,,,,,,,
,,,Throw Away,Will Leckie,Pass,Mark Donahue,Pass,Christopher Kraft,,,,,,,,,,,,,,,,,,,,,,,,,,
,Direction,>>>>>>,,,,,,,,,,,,,,,,,,,,,,,,,,,,,,,,
,D,Max Angel,,,,,,,,,,,,,,,,,,,,,,,,,,,,,,,,
,,,Drop,Rob Ives,Pass,Patrick Gauvin,Pass,Rob Ives,Pass,Max Angel,,,,,,,,,,,,,,,,,,,,,,,,
,Direction,<<<<<<,,,,,,,,,,,,,,,,,,,,,,,,,,,,,,,,
,,,Throw Away,Sandra Hanson,Pass,Will Leckie,Pass,Matt Masse,,,,,,,,,,,,,,,,,,,,,,,,,,
,Direction,>>>>>>,,,,,,,,,,,,,,,,,,,,,,,,,,,,,,,,
,D,Laura Chambers Storey,,,,,,,,,,,,,,,,,,,,,,,,,,,,,,,,
,,,Throw Away,Max Angel,Pass,Laura Chambers Storey,Pass,Patrick Gauvin,Pass,Rob Ives,,,,,,,,,,,,,,,,,,,,,,,,
,Direction,<<<<<<,,,,,,,,,,,,,,,,,,,,,,,,,,,,,,,,
,,,Throw Away,Mark Donahue,Pass,Andrea Proulx(S),Pass,Christopher Kraft,Pass,Sandra Hanson,,,,,,,,,,,,,,,,,,,,,,,,
,Direction,>>>>>>,,,,,,,,,,,,,,,,,,,,,,,,,,,,,,,,
,,,Throw Away,Rob Ives,,,,,,,,,,,,,,,,,,,,,,,,,,,,,,
,Direction,<<<<<<,,,,,,,,,,,,,,,,,,,,,,,,,,,,,,,,
,,,Throw Away,Sandra Hanson,,,,,,,,,,,,,,,,,,,,,,,,,,,,,,
,Direction,>>>>>>,,,,,,,,,,,,,,,,,,,,,,,,,,,,,,,,
,D,Rob Ives,,,,,,,,,,,,,,,,,,,,,,,,,,,,,,,,
,,,Throw Away,Patrick Gauvin,,,,,,,,,,,,,,,,,,,,,,,,,,,,,,
,Direction,<<<<<<,,,,,,,,,,,,,,,,,,,,,,,,,,,,,,,,
,,,POINT,Mark Donahue,Pass,Will Leckie,Pass,Christopher Kraft,Pass,Sandra Hanson,,,,,,,,,,,,,,,,,,,,,,,,
,Direction,>>>>>>,,,,,,,,,,,,,,,,,,,,,,,,,,,,,,,,
,,,POINT,Jim Robinson,Pass,Nick Ierullo,Pass,Richard Gregory,Pass,Kinley Gee,Pass,Lissa Greenspoon,Pass,Kinley Gee,,,,,,,,,,,,,,,,,,,,
,Direction,<<<<<<,,,,,,,,,,,,,,,,,,,,,,,,,,,,,,,,
,,,Throw Away,Al Colantonio,,,,,,,,,,,,,,,,,,,,,,,,,,,,,,
,Direction,>>>>>>,,,,,,,,,,,,,,,,,,,,,,,,,,,,,,,,
,D,Marie-Claude Lacombe,,,,,,,,,,,,,,,,,,,,,,,,,,,,,,,,
,,,POINT,Max Angel,Pass,Richard Gregory,Pass,Patrick Gauvin,Pass,Kinley Gee,Pass,Max Angel,Pass,Richard Gregory,Pass,Marie-Claude Lacombe,,,,,,,,,,,,,,,,,,
,Direction,<<<<<<,,,,,,,,,,,,,,,,,,,,,,,,,,,,,,,,
,,,Throw Away,Christopher Kraft,Pass,Sandra Hanson,Pass,Will Leckie,Pass,Christopher Kraft,,,,,,,,,,,,,,,,,,,,,,,,
,Direction,>>>>>>,,,,,,,,,,,,,,,,,,,,,,,,,,,,,,,,
,,,POINT,Kinley Gee,Pass,Jim Robinson,Pass,Nick Ierullo,Pass,Laura Chambers Storey,Pass,Rob Ives,Pass,Kinley Gee,Pass,Laura Chambers Storey,Pass,Nick Ierullo,Pass,Rob Ives,Pass,Kinley Gee,,,,,,,,,,,,
,Direction,<<<<<<,,,,,,,,,,,,,,,,,,,,,,,,,,,,,,,,
,,,POINT,Al Colantonio,Pass,Will Leckie,Pass,Al Colantonio,Pass,Will Leckie,Pass,Al Colantonio,Pass,Matt Masse,,,,,,,,,,,,,,,,,,,,
,Direction,>>>>>>,,,,,,,,,,,,,,,,,,,,,,,,,,,,,,,,
,,,Throw Away,Laura Chambers Storey,Pass,Laura Chambers Storey,,,,,,,,,,,,,,,,,,,,,,,,,,,,
,Direction,<<<<<<,,,,,,,,,,,,,,,,,,,,,,,,,,,,,,,,
,,,Throw Away,Al Colantonio,Pass,Christopher Kraft,,,,,,,,,,,,,,,,,,,,,,,,,,,,
,Direction,>>>>>>,,,,,,,,,,,,,,,,,,,,,,,,,,,,,,,,
,,,Drop,Rob Ives,Pass,Richard Gregory,Pass,Kinley Gee,Pass,Rob Ives,Pass,Richard Gregory,,,,,,,,,,,,,,,,,,,,,,
,Direction,<<<<<<,,,,,,,,,,,,,,,,,,,,,,,,,,,,,,,,
,,,Throw Away,Al Colantonio,Pass,Stephanie Fowler,Pass,Christopher Kraft,Pass,Mark Donahue,Pass,Al Colantonio,Pass,Laura Knowles,Pass,Stephanie Fowler,Pass,Christopher Kraft,,,,,,,,,,,,,,,,
,Direction,>>>>>>,,,,,,,,,,,,,,,,,,,,,,,,,,,,,,,,
,,,Throw Away,Richard Gregory,Pass,Laura Chambers Storey,,,,,,,,,,,,,,,,,,,,,,,,,,,,
,Direction,<<<<<<,,,,,,,,,,,,,,,,,,,,,,,,,,,,,,,,
,,,Drop,Laura Knowles,Pass,Stephanie Fowler,Pass,Laura Knowles,Pass,Christopher Kraft,,,,,,,,,,,,,,,,,,,,,,,,
,Direction,>>>>>>,,,,,,,,,,,,,,,,,,,,,,,,,,,,,,,,
,,,Drop,Jim Robinson,Pass,Kinley Gee,,,,,,,,,,,,,,,,,,,,,,,,,,,,
,Direction,<<<<<<,,,,,,,,,,,,,,,,,,,,,,,,,,,,,,,,
,,,Throw Away,Mark Donahue,,,,,,,,,,,,,,,,,,,,,,,,,,,,,,
,Direction,>>>>>>,,,,,,,,,,,,,,,,,,,,,,,,,,,,,,,,
,D,Rob Ives,,,,,,,,,,,,,,,,,,,,,,,,,,,,,,,,
,,,POINT,Laura Chambers Storey,Pass,Kinley Gee,Pass,Rob Ives,Pass,Kinley Gee,Pass,Rob Ives,Pass,Kinley Gee,Pass,Rob Ives,,,,,,,,,,,,,,,,,,
,Direction,<<<<<<,,,,,,,,,,,,,,,,,,,,,,,,,,,,,,,,
,,,Drop,Andrea Proulx(S),Pass,Sandra Hanson,,,,,,,,,,,,,,,,,,,,,,,,,,,,
,Direction,>>>>>>,,,,,,,,,,,,,,,,,,,,,,,,,,,,,,,,
,,,POINT,Marie-Claude Lacombe,Pass,Nick Ierullo,Pass,Kinley Gee,,,,,,,,,,,,,,,,,,,,,,,,,,
,Direction,<<<<<<,,,,,,,,,,,,,,,,,,,,,,,,,,,,,,,,
,,,POINT,Will Leckie,Pass,Laura Knowles,Pass,Al Colantonio,Pass,Matt Masse,Pass,Al Colantonio,Pass,Will Leckie,Pass,Al Colantonio,Pass,Matt Masse,,,,,,,,,,,,,,,,
,Direction,>>>>>>,,,,,,,,,,,,,,,,,,,,,,,,,,,,,,,,
,,,Drop,Richard Gregory,Pass,Nick Ierullo,Pass,Kinley Gee,,,,,,,,,,,,,,,,,,,,,,,,,,
,Direction,<<<<<<,,,,,,,,,,,,,,,,,,,,,,,,,,,,,,,,
,,,POINT,Mark Donahue,Pass,Andrea Proulx(S),Pass,Al Colantonio,Pass,Mark Donahue,Pass,Christopher Kraft,,,,,,,,,,,,,,,,,,,,,,
,Direction,>>>>>>,,,,,,,,,,,,,,,,,,,,,,,,,,,,,,,,
,,,Throw Away,Jim Robinson,Pass,Kinley Gee,,,,,,,,,,,,,,,,,,,,,,,,,,,,
,Direction,<<<<<<,,,,,,,,,,,,,,,,,,,,,,,,,,,,,,,,
,,,POINT,Stephanie Fowler,Pass,Will Leckie,Pass,Mark Donahue,Pass,Christopher Kraft,Pass,Matt Masse,,,,,,,,,,,,,,,,,,,,,,
,Direction,>>>>>>,,,,,,,,,,,,,,,,,,,,,,,,,,,,,,,,
,,,Throw Away,Nick Ierullo,Pass,Laura Chambers Storey,,,,,,,,,,,,,,,,,,,,,,,,,,,,
,Direction,<<<<<<,,,,,,,,,,,,,,,,,,,,,,,,,,,,,,,,
,D,Will Leckie,,,,,,,,,,,,,,,,,,,,,,,,,,,,,,,,
,,,Throw Away,Al Colantonio,,,,,,,,,,,,,,,,,,,,,,,,,,,,,,
,Direction,>>>>>>,,,,,,,,,,,,,,,,,,,,,,,,,,,,,,,,
,,,POINT,Patrick Gauvin,Pass,Max Angel,Pass,Richard Gregory,Pass,Laura Chambers Storey,Pass,Richard Gregory,Pass,Laura Chambers Storey,Pass,Patrick Gauvin,Pass,Richard Gregory,,,,,,,,,,,,,,,,
,Direction,<<<<<<,,,,,,,,,,,,,,,,,,,,,,,,,,,,,,,,
